source,partition,cv_dataset,cv_split,filename,path,phash,dhash,min_phash_dist_to_kvasir,min_dhash_dist_to_kvasir,nearest_kvasir_file
cv2024,training_KID,KID,training,angioectasia-P0-1.jpg,<CV2024_ROOT>/Dataset/training/Angioectasia/KID/angioectasia-P0-1.jpg,9078172f63e13a3d,f0b0b8e0e4f0f0f8,14,6,fb86bc87d3874cd7_25377.jpg
cv2024,training_KID,KID,training,angioectasia-P0-2.jpg,<CV2024_ROOT>/Dataset/training/Angioectasia/KID/angioectasia-P0-2.jpg,946e51965ad34ab9,ecee7ffffeecf8f8,14,7,3ada4222967f421d_2748.jpg
cv2024,training_KID,KID,training,angioectasia-P0-5.jpg,<CV2024_ROOT>/Dataset/training/Angioectasia/KID/angioectasia-P0-5.jpg,c497106c4fb23f4e,f8d2734b63a3a0d0,12,12,dca1377dec974312_14524.jpg
cv2024,training_KID,KID,training,angioectasia-P0-7.jpg,<CV2024_ROOT>/Dataset/training/Angioectasia/KID/angioectasia-P0-7.jpg,c4b15ad60e859f93,e098d2c6cd64e6e0,16,10,d369e4f163df4aba_14191.jpg
cv2024,training_KID,KID,training,angioectasia-P0-8.jpg,<CV2024_ROOT>/Dataset/training/Angioectasia/KID/angioectasia-P0-8.jpg,d45f50a00fcfcf05,d89c2263678786e8,16,12,8ebf0e483cac48d6_28613.jpg
cv2024,training_KID,KID,training,angioectasia-P0-9.jpg,<CV2024_ROOT>/Dataset/training/Angioectasia/KID/angioectasia-P0-9.jpg,954e54a75af44a47,e8fc383c7d7fbef8,14,8,7a47e8eacea04e64_63472.jpg
cv2024,training_KID,KID,training,angioectasia-P1-1.jpg,<CV2024_ROOT>/Dataset/training/Angioectasia/KID/angioectasia-P1-1.jpg,c1c3039953772e3b,d88287879e979ac0,12,11,131368cc17e44240_31531.jpg
cv2024,training_KID,KID,training,angioectasia-P1-2.jpg,<CV2024_ROOT>/Dataset/training/Angioectasia/KID/angioectasia-P1-2.jpg,c56a01891f261ff7,c0802164da93a6f8,12,13,c7084b3556e34619_39554.jpg
cv2024,training_KID,KID,training,angioectasia-P1-3.jpg,<CV2024_ROOT>/Dataset/training/Angioectasia/KID/angioectasia-P1-3.jpg,d13f04f44ec04fc7,e4be78d828108ce0,12,12,dc221ccc65d34010_84220.jpg
cv2024,training_KID,KID,training,angioectasia-P1-8.jpg,<CV2024_ROOT>/Dataset/training/Angioectasia/KID/angioectasia-P1-8.jpg,c26d05b01fa5dbe4,c0a26171b191c0e8,14,10,04a78ef00c5245e0_21118.jpg
cv2024,training_KID,KID,training,angioectasia-P1-9.jpg,<CV2024_ROOT>/Dataset/training/Angioectasia/KID/angioectasia-P1-9.jpg,932c55e04f9f4ac6,d4ba7959dd89d8d8,14,10,0728084c8da942d9_11010.jpg
cv2024,training_KID,KID,training,angioectasia-P2-2.jpg,<CV2024_ROOT>/Dataset/training/Angioectasia/KID/angioectasia-P2-2.jpg,c07911bb0fecbe90,f898a4277339b0f0,14,13,fb86bc87d3874cd7_8746.jpg
cv2024,training_KID,KID,training,angioectasia-P2-3.jpg,<CV2024_ROOT>/Dataset/training/Angioectasia/KID/angioectasia-P2-3.jpg,c54e11b5461e3a6f,c4b23965cd1cb2e8,12,13,0728084c8da942d9_22928.jpg
cv2024,training_KID,KID,training,angioectasia-P2-4.jpg,<CV2024_ROOT>/Dataset/training/Angioectasia/KID/angioectasia-P2-4.jpg,856b503446ed3be6,f4b64b4fee5eb2e0,10,14,8a00709108cd4e2b_17616.jpg
cv2024,training_KID,KID,training,angioectasia-P2-5.jpg,<CV2024_ROOT>/Dataset/training/Angioectasia/KID/angioectasia-P2-5.jpg,86e4c64e1e971f13,e4e6cf071b73f0e8,14,13,131368cc17e44240_31525.jpg
cv2024,training_KID,KID,training,angioectasia-P2-6.jpg,<CV2024_ROOT>/Dataset/training/Angioectasia/KID/angioectasia-P2-6.jpg,8ad55593564eaa4b,ecf6e3e7ebfbe2f0,18,10,8ebf0e483cac48d6_28636.jpg
cv2024,training_KID,KID,training,angioectasia-P2-7.jpg,<CV2024_ROOT>/Dataset/training/Angioectasia/KID/angioectasia-P2-7.jpg,856655ad5a976a94,f4fefffffbfbfef8,12,5,fc32def0e7194981_22334.jpg
cv2024,training_KID,KID,training,angioectasia-P2-8.jpg,<CV2024_ROOT>/Dataset/training/Angioectasia/KID/angioectasia-P2-8.jpg,916f44ee5ab10e95,e0f2fa99f9fbdef8,12,11,5e59c7fdb16c4228_8140.jpg
cv2024,training_KID,KID,training,bleeding1.jpg,<CV2024_ROOT>/Dataset/training/Bleeding/KID/bleeding1.jpg,8595524a6f353e1e,e0f07e6e3767a2c8,14,13,89cdd41258c542c5_9849.jpg
cv2024,training_KID,KID,training,bleeding4.jpg,<CV2024_ROOT>/Dataset/training/Bleeding/KID/bleeding4.jpg,d73e80861fc61bd4,e0982964204be6f0,16,14,131368cc17e44240_5658.jpg
cv2024,training_KID,KID,training,bleeding5.jpg,<CV2024_ROOT>/Dataset/training/Bleeding/KID/bleeding5.jpg,e585153a1bd8eb4a,ccc6c6c7139392e8,16,10,64440803f87b4843_13750.jpg
cv2024,training_KID,KID,training,lymphangiectasia1.jpg,<CV2024_ROOT>/Dataset/training/Lymphangiectasia/KID/lymphangiectasia1.jpg,d2c3056d42979f1d,c08098891122ecf4,12,12,ed02f27ef36f483e_14167.jpg
cv2024,training_KID,KID,training,lymphangiectasia2.jpg,<CV2024_ROOT>/Dataset/training/Lymphangiectasia/KID/lymphangiectasia2.jpg,c76710381fc34f1d,d4e6e0e06848ccf8,12,9,07c1fa15a20a4398_1466.jpg
cv2024,training_KID,KID,training,lymphangiectasia5.jpg,<CV2024_ROOT>/Dataset/training/Lymphangiectasia/KID/lymphangiectasia5.jpg,d4b604d71b5a4b4b,ec8c2030000290c0,8,9,7ad22d50ebaf4596_27434.jpg
cv2024,training_KID,KID,training,lymphangiectasia6.jpg,<CV2024_ROOT>/Dataset/training/Lymphangiectasia/KID/lymphangiectasia6.jpg,c479108f13e62ff1,c8b226237363a6c0,12,11,dac1e27f7e4d4ef5_7519.jpg
cv2024,training_KID,KID,training,lymphangiectasia7.jpg,<CV2024_ROOT>/Dataset/training/Lymphangiectasia/KID/lymphangiectasia7.jpg,d1cb443c4e9d1be4,e0865a1a0e1fb6cc,14,10,5e59c7fdb16c4228_15520.jpg
cv2024,training_KID,KID,training,lymphangiectasia8.jpg,<CV2024_ROOT>/Dataset/training/Lymphangiectasia/KID/lymphangiectasia8.jpg,b0c0431f1f1c7afa,cccc8f9f1f3e9ef8,14,8,131368cc17e44240_31076.jpg
cv2024,training_KID,KID,training,normalcolon100.jpg,<CV2024_ROOT>/Dataset/training/Normal/KID/normalcolon100.jpg,c19911090bdddafb,f8ca3032cba992e0,14,11,dc221ccc65d34010_37071.jpg
cv2024,training_KID,KID,training,normalcolon101.jpg,<CV2024_ROOT>/Dataset/training/Normal/KID/normalcolon101.jpg,851f54e55a671e1a,ecf27178f07296d8,12,9,bca26705313a4644_23163.jpg
cv2024,training_KID,KID,training,normalcolon102.jpg,<CV2024_ROOT>/Dataset/training/Normal/KID/normalcolon102.jpg,95ff50804a175aed,fc963f7b73399ee8,12,10,fb86bc87d3874cd7_30680.jpg
cv2024,training_KID,KID,training,normalcolon103.jpg,<CV2024_ROOT>/Dataset/training/Normal/KID/normalcolon103.jpg,c47900270f751fbb,e8822065452486e0,10,12,0728084c8da942d9_22808.jpg
cv2024,training_KID,KID,training,normalcolon105.jpg,<CV2024_ROOT>/Dataset/training/Normal/KID/normalcolon105.jpg,c565006f1fb10fda,e0862f50616396e8,12,13,5e59c7fdb16c4228_35139.jpg
cv2024,training_KID,KID,training,normalcolon107.jpg,<CV2024_ROOT>/Dataset/training/Normal/KID/normalcolon107.jpg,c0cb17b80b4e1b6f,f0e0c1cb9bafacc8,14,10,131368cc17e44240_5537.jpg
cv2024,training_KID,KID,training,normalcolon109.jpg,<CV2024_ROOT>/Dataset/training/Normal/KID/normalcolon109.jpg,c497107e4fbe4a43,f0b2e0e0e2b1b2f0,14,6,5e59c7fdb16c4228_45091.jpg
cv2024,training_KID,KID,training,normalcolon11.jpg,<CV2024_ROOT>/Dataset/training/Normal/KID/normalcolon11.jpg,95e4516c06b65b5b,cc9a5cfe377bbef8,12,11,131368cc17e44240_30528.jpg
cv2024,training_KID,KID,training,normalcolon110.jpg,<CV2024_ROOT>/Dataset/training/Normal/KID/normalcolon110.jpg,d26d16814eb51a9f,c08048a640d8ccec,16,10,0728084c8da942d9_11138.jpg
cv2024,training_KID,KID,training,normalcolon111.jpg,<CV2024_ROOT>/Dataset/training/Normal/KID/normalcolon111.jpg,919d04f10bf15f5a,f0b238393939b8f0,12,11,fc32def0e7194981_22509.jpg
cv2024,training_KID,KID,training,normalcolon112.jpg,<CV2024_ROOT>/Dataset/training/Normal/KID/normalcolon112.jpg,909744625bd95b76,f8bc30303939b8f8,12,9,6cb700585c4f4070_12841.jpg
cv2024,training_KID,KID,training,normalcolon113.jpg,<CV2024_ROOT>/Dataset/training/Normal/KID/normalcolon113.jpg,c11c15b54bf87f12,d0e63183e30a9cc8,14,14,bca26705313a4644_9935.jpg
cv2024,training_KID,KID,training,normalcolon114.jpg,<CV2024_ROOT>/Dataset/training/Normal/KID/normalcolon114.jpg,845b55ab0b855af5,e0b078f171f1a6f4,14,10,fc32def0e7194981_89005.jpg
cv2024,training_KID,KID,training,normalcolon116.jpg,<CV2024_ROOT>/Dataset/training/Normal/KID/normalcolon116.jpg,916445881bd70f7f,e8862b1931339ed8,12,12,5e59c7fdb16c4228_26597.jpg
cv2024,training_KID,KID,training,normalcolon118.jpg,<CV2024_ROOT>/Dataset/training/Normal/KID/normalcolon118.jpg,d5c2110f4e9d1ecd,e09233316363b6e4,12,13,04a78ef00c5245e0_17142.jpg
cv2024,training_KID,KID,training,normalcolon12.jpg,<CV2024_ROOT>/Dataset/training/Normal/KID/normalcolon12.jpg,946c556b5aa54ab5,ccbe7cfefdfdbefc,10,5,39960e5e099a45ca_23845.jpg
cv2024,training_KID,KID,training,normalcolon122.jpg,<CV2024_ROOT>/Dataset/training/Normal/KID/normalcolon122.jpg,953f54705b606bf0,f8f87878f8e8b4e8,14,7,5e9beaf4e66142c8_41102.jpg
cv2024,training_KID,KID,training,normalcolon123.jpg,<CV2024_ROOT>/Dataset/training/Normal/KID/normalcolon123.jpg,d43704d213cb0fde,cc9e2cd8d8f0f0e0,10,7,dac1e27f7e4d4ef5_14985.jpg
cv2024,training_KID,KID,training,normalcolon124.jpg,<CV2024_ROOT>/Dataset/training/Normal/KID/normalcolon124.jpg,c03e05c40fe31fbb,c4860343030382c0,12,5,eb0203196e284797_1135.jpg
cv2024,training_KID,KID,training,normalcolon126.jpg,<CV2024_ROOT>/Dataset/training/Normal/KID/normalcolon126.jpg,c79511ce47631ace,dcbedce6e4e4e8d8,12,5,5e59c7fdb16c4228_15495.jpg
cv2024,training_KID,KID,training,normalcolon127.jpg,<CV2024_ROOT>/Dataset/training/Normal/KID/normalcolon127.jpg,d1c824144be76f3e,c09041d1f03c9ccc,14,9,89cdd41258c542c5_3574.jpg
cv2024,training_KID,KID,training,normalcolon129.jpg,<CV2024_ROOT>/Dataset/training/Normal/KID/normalcolon129.jpg,949340670f787f63,e8b83870606086f0,14,11,c11b28a8b2344716_27425.jpg
cv2024,training_KID,KID,training,normalcolon130.jpg,<CV2024_ROOT>/Dataset/training/Normal/KID/normalcolon130.jpg,c1c6478a0e1f1b3f,e0c240f1e1d3b2f8,12,11,131368cc17e44240_31538.jpg
cv2024,training_KID,KID,training,normalcolon131.jpg,<CV2024_ROOT>/Dataset/training/Normal/KID/normalcolon131.jpg,858716c64b786e97,fcee8e93d386aef8,16,12,64440803f87b4843_21415.jpg
cv2024,training_KID,KID,training,normalcolon134.jpg,<CV2024_ROOT>/Dataset/training/Normal/KID/normalcolon134.jpg,847a15bb4e254abd,e88e2363510ba6ec,10,13,dc221ccc65d34010_84082.jpg
cv2024,training_KID,KID,training,normalcolon135.jpg,<CV2024_ROOT>/Dataset/training/Normal/KID/normalcolon135.jpg,90ca13411bef5b6d,f89c312130b28efc,14,12,bc84479c66fe4da6_24617.jpg
cv2024,training_KID,KID,training,normalcolon136.jpg,<CV2024_ROOT>/Dataset/training/Normal/KID/normalcolon136.jpg,c539113c0fe45fb4,e080c161e162e2c0,12,9,c11b28a8b2344716_27448.jpg
cv2024,training_KID,KID,training,normalcolon137.jpg,<CV2024_ROOT>/Dataset/training/Normal/KID/normalcolon137.jpg,c13b02e81ff55f84,e0802070608084e0,12,7,dac1e27f7e4d4ef5_4519.jpg
cv2024,training_KID,KID,training,normalcolon139.jpg,<CV2024_ROOT>/Dataset/training/Normal/KID/normalcolon139.jpg,ec3f01fc0ff03f00,a08e4963212386c0,14,12,04a78ef00c5245e0_48515.jpg
cv2024,training_KID,KID,training,normalcolon14.jpg,<CV2024_ROOT>/Dataset/training/Normal/KID/normalcolon14.jpg,926d54934ba61b97,ecb4736bf9f9ecfc,12,12,64440803f87b4843_5735.jpg
cv2024,training_KID,KID,training,normalcolon140.jpg,<CV2024_ROOT>/Dataset/training/Normal/KID/normalcolon140.jpg,d99d102266c75b79,f8b07060e1a0b8f0,14,9,64440803f87b4843_9601.jpg
cv2024,training_KID,KID,training,normalcolon141.jpg,<CV2024_ROOT>/Dataset/training/Normal/KID/normalcolon141.jpg,813d55c45e527aba,ecb6dfd9f1e1e2c8,14,11,dca1377dec974312_10430.jpg
cv2024,training_KID,KID,training,normalcolon142.jpg,<CV2024_ROOT>/Dataset/training/Normal/KID/normalcolon142.jpg,c51e43785e382fe1,e0c6e270f06286c0,14,9,0531325b64674948_8614.jpg
cv2024,training_KID,KID,training,normalcolon143.jpg,<CV2024_ROOT>/Dataset/training/Normal/KID/normalcolon143.jpg,95dd41874e460e7e,e0923263737e96e8,12,14,07c1fa15a20a4398_5058.jpg
cv2024,training_KID,KID,training,normalcolon144.jpg,<CV2024_ROOT>/Dataset/training/Normal/KID/normalcolon144.jpg,959c1063539e4ede,e8ba704cca4b9ad8,12,12,3ada4222967f421d_2593.jpg
cv2024,training_KID,KID,training,normalcolon145.jpg,<CV2024_ROOT>/Dataset/training/Normal/KID/normalcolon145.jpg,852a42754b4abef5,e0f6f5f5f6fec4e8,18,12,64440803f87b4843_19154.jpg
cv2024,training_KID,KID,training,normalcolon147.jpg,<CV2024_ROOT>/Dataset/training/Normal/KID/normalcolon147.jpg,953e46e94a851bf8,e8a63ef8114aa6f8,14,14,c11b28a8b2344716_46515.jpg
cv2024,training_KID,KID,training,normalcolon148.jpg,<CV2024_ROOT>/Dataset/training/Normal/KID/normalcolon148.jpg,d0eb46e103071f3f,c0903898989cb0e0,12,8,8885668afb844852_35608.jpg
cv2024,training_KID,KID,training,normalcolon150.jpg,<CV2024_ROOT>/Dataset/training/Normal/KID/normalcolon150.jpg,c5c116360b4b7f3a,c88252939616ace8,14,12,bca26705313a4644_23188.jpg
cv2024,training_KID,KID,training,normalcolon151.jpg,<CV2024_ROOT>/Dataset/training/Normal/KID/normalcolon151.jpg,d5e700800b975f9f,c0867331313396e8,12,11,8885668afb844852_35618.jpg
cv2024,training_KID,KID,training,normalcolon155.jpg,<CV2024_ROOT>/Dataset/training/Normal/KID/normalcolon155.jpg,84c655c44f974b7c,e48c536bf3b79ed8,14,12,131368cc17e44240_30496.jpg
cv2024,training_KID,KID,training,normalcolon156.jpg,<CV2024_ROOT>/Dataset/training/Normal/KID/normalcolon156.jpg,c41d40d84bde2fda,e0b268f0f0f0a0c0,14,6,af9bd7d0e43741e3_30283.jpg
cv2024,training_KID,KID,training,normalcolon16.jpg,<CV2024_ROOT>/Dataset/training/Normal/KID/normalcolon16.jpg,c087455b0f6a7b69,f4e097e5d998a8e4,12,12,4aebc5cb2d4847aa_28520.jpg
cv2024,training_KID,KID,training,normalcolon160.jpg,<CV2024_ROOT>/Dataset/training/Normal/KID/normalcolon160.jpg,943745c212ad4fdb,c48e422e39f3b0f0,12,13,b2134f4a6f864613_3834.jpg
cv2024,training_KID,KID,training,normalcolon161.jpg,<CV2024_ROOT>/Dataset/training/Normal/KID/normalcolon161.jpg,c19c15f30ec21f9b,f8b271e3c3c38ec8,12,7,89cdd41258c542c5_4122.jpg
cv2024,training_KID,KID,training,normalcolon164.jpg,<CV2024_ROOT>/Dataset/training/Normal/KID/normalcolon164.jpg,807e57ac1b6d2f42,c898303999b3e6c8,18,11,3ada4222967f421d_2577.jpg
cv2024,training_KID,KID,training,normalcolon166.jpg,<CV2024_ROOT>/Dataset/training/Normal/KID/normalcolon166.jpg,c03c07964a791f7b,e4a61b91a42484c0,12,12,dc221ccc65d34010_37149.jpg
cv2024,training_KID,KID,training,normalcolon167.jpg,<CV2024_ROOT>/Dataset/training/Normal/KID/normalcolon167.jpg,919355565e9b4a4b,fcf6f9f9f3679ee2,12,11,04a78ef00c5245e0_48830.jpg
cv2024,training_KID,KID,training,normalcolon168.jpg,<CV2024_ROOT>/Dataset/training/Normal/KID/normalcolon168.jpg,84b4d3341772dee2,fcae3f26373798e0,14,9,fc32def0e7194981_58464.jpg
cv2024,training_KID,KID,training,normalcolon169.jpg,<CV2024_ROOT>/Dataset/training/Normal/KID/normalcolon169.jpg,c0c302350fbb3f4f,c08080c0628080c0,12,3,dc221ccc65d34010_84311.jpg
cv2024,training_KID,KID,training,normalcolon17.jpg,<CV2024_ROOT>/Dataset/training/Normal/KID/normalcolon17.jpg,c03e41f81fe01ff1,f890b86c21a380e0,12,11,d369e4f163df4aba_1153.jpg
cv2024,training_KID,KID,training,normalcolon2.jpg,<CV2024_ROOT>/Dataset/training/Normal/KID/normalcolon2.jpg,b56d559a4a506a97,dc9e9f3f3f3f9edc,14,2,0531325b64674948_8340.jpg
cv2024,training_KID,KID,training,normalcolon20.jpg,<CV2024_ROOT>/Dataset/training/Normal/KID/normalcolon20.jpg,943d15b152d8da7a,dca67170c161f8ec,12,12,b2134f4a6f864613_14408.jpg
cv2024,training_KID,KID,training,normalcolon21.jpg,<CV2024_ROOT>/Dataset/training/Normal/KID/normalcolon21.jpg,906b559d5bbc0a71,f0d6eb29b173b4fc,14,13,8a00709108cd4e2b_17631.jpg
cv2024,training_KID,KID,training,normalcolon22.jpg,<CV2024_ROOT>/Dataset/training/Normal/KID/normalcolon22.jpg,853056af4e523b9d,e8f2f0e4f2e2e0e0,16,7,89cdd41258c542c5_3787.jpg
cv2024,training_KID,KID,training,normalcolon23.jpg,<CV2024_ROOT>/Dataset/training/Normal/KID/normalcolon23.jpg,c07a17915e8f5a36,c88eaba3b898c8e4,14,7,89cdd41258c542c5_9805.jpg
cv2024,training_KID,KID,training,normalcolon24.jpg,<CV2024_ROOT>/Dataset/training/Normal/KID/normalcolon24.jpg,916e503c427f5b9c,f0a679d9b43dbad8,12,12,b2134f4a6f864613_18045.jpg
cv2024,training_KID,KID,training,normalcolon25.jpg,<CV2024_ROOT>/Dataset/training/Normal/KID/normalcolon25.jpg,83ed541c1e5dcb83,f0c2cb5bcba9b8f8,16,14,8885668afb844852_24502.jpg
cv2024,training_KID,KID,training,normalcolon26.jpg,<CV2024_ROOT>/Dataset/training/Normal/KID/normalcolon26.jpg,e0c50d1d1f5e1eca,f08687858b1980c0,10,10,fb86bc87d3874cd7_12437.jpg
cv2024,training_KID,KID,training,normalcolon29.jpg,<CV2024_ROOT>/Dataset/training/Normal/KID/normalcolon29.jpg,80de458c0ec76f97,e0884931b1b3cec8,14,13,dac1e27f7e4d4ef5_22592.jpg
cv2024,training_KID,KID,training,normalcolon3.jpg,<CV2024_ROOT>/Dataset/training/Normal/KID/normalcolon3.jpg,d19f40b60f710f63,f8b8387071188cc0,12,10,c7084b3556e34619_39662.jpg
cv2024,training_KID,KID,training,normalcolon30.jpg,<CV2024_ROOT>/Dataset/training/Normal/KID/normalcolon30.jpg,8563518f0e374ee5,c0926371f37bbaf0,12,11,131368cc17e44240_30469.jpg
cv2024,training_KID,KID,training,normalcolon31.jpg,<CV2024_ROOT>/Dataset/training/Normal/KID/normalcolon31.jpg,906651874e731e6f,c48633316777daf8,14,11,dc221ccc65d34010_84135.jpg
cv2024,training_KID,KID,training,normalcolon32.jpg,<CV2024_ROOT>/Dataset/training/Normal/KID/normalcolon32.jpg,c19705695a962fe3,e8da7971d19386c8,14,12,d7a271f233ba4a40_7499.jpg
cv2024,training_KID,KID,training,normalcolon33.jpg,<CV2024_ROOT>/Dataset/training/Normal/KID/normalcolon33.jpg,c43d17624fa43b71,e0963777c98f86e8,14,13,d7a271f233ba4a40_10936.jpg
cv2024,training_KID,KID,training,normalcolon34.jpg,<CV2024_ROOT>/Dataset/training/Normal/KID/normalcolon34.jpg,c03f40f41ff80ff0,f0ee237174a382e0,12,13,dc221ccc65d34010_84222.jpg
cv2024,training_KID,KID,training,normalcolon35.jpg,<CV2024_ROOT>/Dataset/training/Normal/KID/normalcolon35.jpg,85a555c64a52dbea,cce65f37e3e898d8,12,12,5bb1d3cc7dc64cec_13684.jpg
cv2024,training_KID,KID,training,normalcolon36.jpg,<CV2024_ROOT>/Dataset/training/Normal/KID/normalcolon36.jpg,d6c010934f8f5f5a,e0882167693c9cfc,12,12,89cdd41258c542c5_9828.jpg
cv2024,training_KID,KID,training,normalcolon37.jpg,<CV2024_ROOT>/Dataset/training/Normal/KID/normalcolon37.jpg,c59713d05693cacb,ccc6e13220a3bac4,14,12,af9bd7d0e43741e3_30210.jpg
cv2024,training_KID,KID,training,normalcolon4.jpg,<CV2024_ROOT>/Dataset/training/Normal/KID/normalcolon4.jpg,c13d46760bd81fd8,dcd4f2f1990080c8,14,10,64440803f87b4843_7547.jpg
cv2024,training_KID,KID,training,normalcolon40.jpg,<CV2024_ROOT>/Dataset/training/Normal/KID/normalcolon40.jpg,d0a4424f0fcb3b6b,e0843a7070f0f0f8,14,7,5bb1d3cc7dc64cec_7534.jpg
cv2024,training_KID,KID,training,normalcolon41.jpg,<CV2024_ROOT>/Dataset/training/Normal/KID/normalcolon41.jpg,c51f417e0ff00fe0,ece6b777773796c0,10,9,fb86bc87d3874cd7_12380.jpg
cv2024,training_KID,KID,training,normalcolon43.jpg,<CV2024_ROOT>/Dataset/training/Normal/KID/normalcolon43.jpg,9168569e5a932eb3,ecc6f1f1f179f8ec,14,10,5bb1d3cc7dc64cec_21519.jpg
cv2024,training_KID,KID,training,normalcolon44.jpg,<CV2024_ROOT>/Dataset/training/Normal/KID/normalcolon44.jpg,95e151314e4b7b17,c8be2a67263efaf0,14,10,131368cc17e44240_30806.jpg
cv2024,training_KID,KID,training,normalcolon46.jpg,<CV2024_ROOT>/Dataset/training/Normal/KID/normalcolon46.jpg,973250ee5b656a1c,dc9c707b7b4feef8,16,11,dca1377dec974312_7907.jpg
cv2024,training_KID,KID,training,normalcolon48.jpg,<CV2024_ROOT>/Dataset/training/Normal/KID/normalcolon48.jpg,c56817295ead0b3d,c086237671dba6ec,14,14,6cb700585c4f4070_26411.jpg
cv2024,training_KID,KID,training,normalcolon49.jpg,<CV2024_ROOT>/Dataset/training/Normal/KID/normalcolon49.jpg,c4491836177e7e63,e4d2c646c624acec,14,11,3ada4222967f421d_5824.jpg
cv2024,training_KID,KID,training,normalcolon5.jpg,<CV2024_ROOT>/Dataset/training/Normal/KID/normalcolon5.jpg,d279142607f44fd9,f490994dc9c5cce8,14,13,64440803f87b4843_7547.jpg
cv2024,training_KID,KID,training,normalcolon50.jpg,<CV2024_ROOT>/Dataset/training/Normal/KID/normalcolon50.jpg,f0c1001f0f1f9f3e,c08685171f3ebeec,10,7,c7084b3556e34619_21360.jpg
cv2024,training_KID,KID,training,normalcolon51.jpg,<CV2024_ROOT>/Dataset/training/Normal/KID/normalcolon51.jpg,c71f10c6cf304ee6,e4f24361616196d8,16,12,b2134f4a6f864613_14414.jpg
cv2024,training_KID,KID,training,normalcolon52.jpg,<CV2024_ROOT>/Dataset/training/Normal/KID/normalcolon52.jpg,936840bb5e0d9b37,f89cde745c59caec,14,13,fb86bc87d3874cd7_25205.jpg
cv2024,training_KID,KID,training,normalcolon53.jpg,<CV2024_ROOT>/Dataset/training/Normal/KID/normalcolon53.jpg,c6b311f54ec81a9b,cc9a59216526e2c8,14,14,bca26705313a4644_22578.jpg
cv2024,training_KID,KID,training,normalcolon54.jpg,<CV2024_ROOT>/Dataset/training/Normal/KID/normalcolon54.jpg,943b51d25acc4e73,f8fa7070f1e1a6e4,12,10,3ada4222967f421d_11466.jpg
cv2024,training_KID,KID,training,normalcolon55.jpg,<CV2024_ROOT>/Dataset/training/Normal/KID/normalcolon55.jpg,c060118f4fb72f97,c08080c0e0f8fcf8,12,4,dc221ccc65d34010_84146.jpg
cv2024,training_KID,KID,training,normalcolon56.jpg,<CV2024_ROOT>/Dataset/training/Normal/KID/normalcolon56.jpg,d57e00110f385fd7,cc8623335112a6c0,12,11,fb86bc87d3874cd7_30554.jpg
cv2024,training_KID,KID,training,normalcolon57.jpg,<CV2024_ROOT>/Dataset/training/Normal/KID/normalcolon57.jpg,91a655351a5a5adb,ccce9d3d1b9abaf0,12,10,131368cc17e44240_31499.jpg
cv2024,training_KID,KID,training,normalcolon58.jpg,<CV2024_ROOT>/Dataset/training/Normal/KID/normalcolon58.jpg,d16e13b40eb16ea5,e892233334129ad8,14,13,3ada4222967f421d_2748.jpg
cv2024,training_KID,KID,training,normalcolon6.jpg,<CV2024_ROOT>/Dataset/training/Normal/KID/normalcolon6.jpg,901743684f85eee7,c0bc3c3c3c9bbaf8,16,11,c11b28a8b2344716_46488.jpg
cv2024,training_KID,KID,training,normalcolon61.jpg,<CV2024_ROOT>/Dataset/training/Normal/KID/normalcolon61.jpg,c59215571e4a6abb,f8be8de070e2e2f0,12,11,df6b47bafe5143f5_13409.jpg
cv2024,training_KID,KID,training,normalcolon63.jpg,<CV2024_ROOT>/Dataset/training/Normal/KID/normalcolon63.jpg,d5cd40415b5a6eae,f0b2233951379cf8,16,12,fb86bc87d3874cd7_13424.jpg
cv2024,training_KID,KID,training,normalcolon65.jpg,<CV2024_ROOT>/Dataset/training/Normal/KID/normalcolon65.jpg,c19f83c11fd21f58,c0820111030682c0,14,7,0531325b64674948_10310.jpg
cv2024,training_KID,KID,training,normalcolon66.jpg,<CV2024_ROOT>/Dataset/training/Normal/KID/normalcolon66.jpg,c33703e20bb10f6f,c8ca5018208080e0,14,9,fb86bc87d3874cd7_12421.jpg
cv2024,training_KID,KID,training,normalcolon67.jpg,<CV2024_ROOT>/Dataset/training/Normal/KID/normalcolon67.jpg,81c754015fdf0afa,e886b36971bb9ac8,12,13,07c1fa15a20a4398_1521.jpg
cv2024,training_KID,KID,training,normalcolon68.jpg,<CV2024_ROOT>/Dataset/training/Normal/KID/normalcolon68.jpg,c77305310e784eed,e0d2602c68c8b2e0,14,10,dc221ccc65d34010_37030.jpg
cv2024,training_KID,KID,training,normalcolon69.jpg,<CV2024_ROOT>/Dataset/training/Normal/KID/normalcolon69.jpg,d1e911855b172bce,f892134841c8f8f8,14,12,fc32def0e7194981_22324.jpg
cv2024,training_KID,KID,training,normalcolon7.jpg,<CV2024_ROOT>/Dataset/training/Normal/KID/normalcolon7.jpg,90a7541b4f7c4bcc,f8cee4e4f8d9b2e0,12,9,bc84479c66fe4da6_23497.jpg
cv2024,training_KID,KID,training,normalcolon70.jpg,<CV2024_ROOT>/Dataset/training/Normal/KID/normalcolon70.jpg,d58544c64e4e5ece,e0da3a786462a0e0,14,11,fc32def0e7194981_22260.jpg
cv2024,training_KID,KID,training,normalcolon71.jpg,<CV2024_ROOT>/Dataset/training/Normal/KID/normalcolon71.jpg,9137446a5a721fec,dcbe7ef8f1d182f8,14,10,64440803f87b4843_19351.jpg
cv2024,training_KID,KID,training,normalcolon72.jpg,<CV2024_ROOT>/Dataset/training/Normal/KID/normalcolon72.jpg,c13b026c1fcc3fb1,f0880850d2e1e0e0,14,9,48579eec79784294_5133.jpg
cv2024,training_KID,KID,training,normalcolon73.jpg,<CV2024_ROOT>/Dataset/training/Normal/KID/normalcolon73.jpg,9497419b16de4b4b,e8f270f4f870b2c8,12,7,131368cc17e44240_31581.jpg
cv2024,training_KID,KID,training,normalcolon74.jpg,<CV2024_ROOT>/Dataset/training/Normal/KID/normalcolon74.jpg,977a40b11be50fd4,f8b0617878f8e6e0,14,10,64440803f87b4843_7443.jpg
cv2024,training_KID,KID,training,normalcolon76.jpg,<CV2024_ROOT>/Dataset/training/Normal/KID/normalcolon76.jpg,c56d14c74e851ad7,e0b270f1e1f1f2f8,14,8,dc221ccc65d34010_84319.jpg
cv2024,training_KID,KID,training,normalcolon79.jpg,<CV2024_ROOT>/Dataset/training/Normal/KID/normalcolon79.jpg,955a42850f4befe4,e8900636b69694d4,16,11,0728084c8da942d9_11065.jpg
cv2024,training_KID,KID,training,normalcolon8.jpg,<CV2024_ROOT>/Dataset/training/Normal/KID/normalcolon8.jpg,c44f00af4b945fb3,e0e664f4f064a4d4,12,8,0531325b64674948_10313.jpg
cv2024,training_KID,KID,training,normalcolon81.jpg,<CV2024_ROOT>/Dataset/training/Normal/KID/normalcolon81.jpg,8566563e5ae10b5e,ecc6f3d333238ef8,14,13,dca1377dec974312_5882.jpg
cv2024,training_KID,KID,training,normalcolon83.jpg,<CV2024_ROOT>/Dataset/training/Normal/KID/normalcolon83.jpg,c59940914ef73f07,d0f26e64e0dac6e4,14,10,d369e4f163df4aba_6872.jpg
cv2024,training_KID,KID,training,normalcolon84.jpg,<CV2024_ROOT>/Dataset/training/Normal/KID/normalcolon84.jpg,d1c404434f4f1f3f,c08410b0985090f0,10,9,131368cc17e44240_30906.jpg
cv2024,training_KID,KID,training,normalcolon85.jpg,<CV2024_ROOT>/Dataset/training/Normal/KID/normalcolon85.jpg,85c255234b9f1b1f,e0843073e3179efc,10,11,04a78ef00c5245e0_17118.jpg
cv2024,training_KID,KID,training,normalcolon87.jpg,<CV2024_ROOT>/Dataset/training/Normal/KID/normalcolon87.jpg,c4f041092e3f3f5b,c0c0442471f3e0e0,10,10,131368cc17e44240_30506.jpg
cv2024,training_KID,KID,training,normalcolon88.jpg,<CV2024_ROOT>/Dataset/training/Normal/KID/normalcolon88.jpg,c4e445174e2e1e7e,c48e1f257929cae4,12,12,eb0203196e284797_6054.jpg
cv2024,training_KID,KID,training,normalcolon9.jpg,<CV2024_ROOT>/Dataset/training/Normal/KID/normalcolon9.jpg,98a307464e6edab6,cc9a3b31b1b0fcf8,16,11,d369e4f163df4aba_14200.jpg
cv2024,training_KID,KID,training,normalcolon92.jpg,<CV2024_ROOT>/Dataset/training/Normal/KID/normalcolon92.jpg,80f355244fbb0e7c,ccdc39797365ace0,14,13,3ada4222967f421d_2746.jpg
cv2024,training_KID,KID,training,normalcolon93.jpg,<CV2024_ROOT>/Dataset/training/Normal/KID/normalcolon93.jpg,9dc853635a674a87,d0f07070f1f0fef8,16,5,8ebf0e483cac48d6_3963.jpg
cv2024,training_KID,KID,training,normalcolon94.jpg,<CV2024_ROOT>/Dataset/training/Normal/KID/normalcolon94.jpg,d1e1c0c387878f8f,c0961313211086c0,10,9,131368cc17e44240_1173.jpg
cv2024,training_KID,KID,training,normalcolon96.jpg,<CV2024_ROOT>/Dataset/training/Normal/KID/normalcolon96.jpg,c1c103de1e9e4fc9,e0cad23490a2e8e0,14,10,5e59c7fdb16c4228_45163.jpg
cv2024,training_KID,KID,training,normalcolon97.jpg,<CV2024_ROOT>/Dataset/training/Normal/KID/normalcolon97.jpg,815d54ac5be14a3f,e8f2f8d0f0e1eee8,14,9,eb0203196e284797_10021.jpg
cv2024,training_KID,KID,training,normalcolon98.jpg,<CV2024_ROOT>/Dataset/training/Normal/KID/normalcolon98.jpg,959d51bc5a5a4ad2,f8be3f3b1e379ac8,12,9,bca26705313a4644_10094.jpg
cv2024,training_KID,KID,training,normalcolon99.jpg,<CV2024_ROOT>/Dataset/training/Normal/KID/normalcolon99.jpg,d0c402530f2f9bdf,d08028a2f898a0e8,14,10,af9bd7d0e43741e3_30181.jpg
cv2024,training_KID,KID,training,normaleso1.jpg,<CV2024_ROOT>/Dataset/training/Normal/KID/normaleso1.jpg,91c2533f4f3d0e31,e888a870f62e9ed8,14,10,07c1fa15a20a4398_1727.jpg
cv2024,training_KID,KID,training,normaleso10.jpg,<CV2024_ROOT>/Dataset/training/Normal/KID/normaleso10.jpg,91fc54670b91cf34,fc9c3c595f499ef8,12,12,fb86bc87d3874cd7_10635.jpg
cv2024,training_KID,KID,training,normaleso100.jpg,<CV2024_ROOT>/Dataset/training/Normal/KID/normaleso100.jpg,c46817a35bc71ab5,c8a6070707a7eee8,12,10,dac1e27f7e4d4ef5_7505.jpg
cv2024,training_KID,KID,training,normaleso102.jpg,<CV2024_ROOT>/Dataset/training/Normal/KID/normaleso102.jpg,d03b01bc0be45ff4,c08a0307032796e0,12,7,dc221ccc65d34010_84198.jpg
cv2024,training_KID,KID,training,normaleso103.jpg,<CV2024_ROOT>/Dataset/training/Normal/KID/normaleso103.jpg,95bd555d425a1aca,fcbe3fdd5f3f9ecc,12,8,c7084b3556e34619_69140.jpg
cv2024,training_KID,KID,training,normaleso104.jpg,<CV2024_ROOT>/Dataset/training/Normal/KID/normaleso104.jpg,d0cf030c4ebf4f1a,e0941b31313396dc,14,12,0728084c8da942d9_16568.jpg
cv2024,training_KID,KID,training,normaleso106.jpg,<CV2024_ROOT>/Dataset/training/Normal/KID/normaleso106.jpg,c06306ad1f876f95,c080c0b0b021a4fc,12,6,04a78ef00c5245e0_21147.jpg
cv2024,training_KID,KID,training,normaleso107.jpg,<CV2024_ROOT>/Dataset/training/Normal/KID/normaleso107.jpg,956955a952e54ad5,fcfefffffffffefc,12,1,3ada4222967f421d_2577.jpg
cv2024,training_KID,KID,training,normaleso108.jpg,<CV2024_ROOT>/Dataset/training/Normal/KID/normaleso108.jpg,946b54ad5aa54ad5,dc8e1f3f3fbffefc,10,5,dc221ccc65d34010_37017.jpg
cv2024,training_KID,KID,training,normaleso11.jpg,<CV2024_ROOT>/Dataset/training/Normal/KID/normaleso11.jpg,f0d101030f1f5f5f,c8860703030786c0,10,7,3c8d5f0b90d7475d_17096.jpg
cv2024,training_KID,KID,training,normaleso110.jpg,<CV2024_ROOT>/Dataset/training/Normal/KID/normaleso110.jpg,a59bd43d423c4af4,dc8e3f5f4f0f96cc,12,9,04a78ef00c5245e0_48704.jpg
cv2024,training_KID,KID,training,normaleso111.jpg,<CV2024_ROOT>/Dataset/training/Normal/KID/normaleso111.jpg,a13e51a61ef82bf0,cc8e1f0f4f1f9ad8,16,6,04a78ef00c5245e0_48498.jpg
cv2024,training_KID,KID,training,normaleso112.jpg,<CV2024_ROOT>/Dataset/training/Normal/KID/normaleso112.jpg,9521d1fb4a0f4b87,cc9e3f3f3f3f9eec,12,6,8885668afb844852_24610.jpg
cv2024,training_KID,KID,training,normaleso113.jpg,<CV2024_ROOT>/Dataset/training/Normal/KID/normaleso113.jpg,c01f90be47f41fc8,f0b87943472786d0,12,12,fb86bc87d3874cd7_12461.jpg
cv2024,training_KID,KID,training,normaleso114.jpg,<CV2024_ROOT>/Dataset/training/Normal/KID/normaleso114.jpg,94cf40230e735bcf,e0a2e8e8ec1e9ef4,12,10,07c1fa15a20a4398_1738.jpg
cv2024,training_KID,KID,training,normaleso118.jpg,<CV2024_ROOT>/Dataset/training/Normal/KID/normaleso118.jpg,c09501560f5f5fcb,c4860303010180c0,10,4,495f16498db34d3c_21102.jpg
cv2024,training_KID,KID,training,normaleso119.jpg,<CV2024_ROOT>/Dataset/training/Normal/KID/normaleso119.jpg,956955b952a55ab4,ecae1f0f2d6feeec,10,11,0728084c8da942d9_11175.jpg
cv2024,training_KID,KID,training,normaleso12.jpg,<CV2024_ROOT>/Dataset/training/Normal/KID/normaleso12.jpg,e56911a41fb13e95,c2820307072786cc,12,6,5e59c7fdb16c4228_2792.jpg
cv2024,training_KID,KID,training,normaleso120.jpg,<CV2024_ROOT>/Dataset/training/Normal/KID/normaleso120.jpg,a51bd57d4ae40f44,c8be2f3f1f0f86e4,14,8,0728084c8da942d9_10948.jpg
cv2024,training_KID,KID,training,normaleso121.jpg,<CV2024_ROOT>/Dataset/training/Normal/KID/normaleso121.jpg,c535904b5f611f8d,e4be666270e3c0f0,14,11,bca26705313a4644_22572.jpg
cv2024,training_KID,KID,training,normaleso122.jpg,<CV2024_ROOT>/Dataset/training/Normal/KID/normaleso122.jpg,f16d448a0f945e9e,c48e0f0f4fcc8ccc,16,7,131368cc17e44240_31137.jpg
cv2024,training_KID,KID,training,normaleso125.jpg,<CV2024_ROOT>/Dataset/training/Normal/KID/normaleso125.jpg,d69b106c5ba64e5a,e8da184c04868ecc,14,9,dac1e27f7e4d4ef5_4439.jpg
cv2024,training_KID,KID,training,normaleso126.jpg,<CV2024_ROOT>/Dataset/training/Normal/KID/normaleso126.jpg,c07a95bd0bb51bb0,cc860303030786c0,14,5,07c1fa15a20a4398_1489.jpg
cv2024,training_KID,KID,training,normaleso128.jpg,<CV2024_ROOT>/Dataset/training/Normal/KID/normaleso128.jpg,d1e394894e721abd,d89e090f07139ef0,16,11,5e59c7fdb16c4228_35133.jpg
cv2024,training_KID,KID,training,normaleso129.jpg,<CV2024_ROOT>/Dataset/training/Normal/KID/normaleso129.jpg,c0c905274b5f5e4f,c49209090f0f8ecc,12,7,dc221ccc65d34010_16396.jpg
cv2024,training_KID,KID,training,normaleso13.jpg,<CV2024_ROOT>/Dataset/training/Normal/KID/normaleso13.jpg,c04b41af0fa51fd5,c08223071f1f9edc,12,4,fb86bc87d3874cd7_8745.jpg
cv2024,training_KID,KID,training,normaleso130.jpg,<CV2024_ROOT>/Dataset/training/Normal/KID/normaleso130.jpg,9537519b5a354acc,f8be3e3e353ebef8,14,9,3ada4222967f421d_11471.jpg
cv2024,training_KID,KID,training,normaleso131.jpg,<CV2024_ROOT>/Dataset/training/Normal/KID/normaleso131.jpg,c06911925f8d2fe7,e08203230189fcf8,12,10,3ada4222967f421d_5674.jpg
cv2024,training_KID,KID,training,normaleso133.jpg,<CV2024_ROOT>/Dataset/training/Normal/KID/normaleso133.jpg,c02d13d14ee54be7,e8b603c6c09890c8,12,12,fc32def0e7194981_88912.jpg
cv2024,training_KID,KID,training,normaleso134.jpg,<CV2024_ROOT>/Dataset/training/Normal/KID/normaleso134.jpg,c0c300070f3f1fff,c0800000000080c0,8,0,df6b47bafe5143f5_14456.jpg
cv2024,training_KID,KID,training,normaleso136.jpg,<CV2024_ROOT>/Dataset/training/Normal/KID/normaleso136.jpg,859755575a4a4a6b,ec9e3f7f0f0f86c4,10,7,89cdd41258c542c5_9936.jpg
cv2024,training_KID,KID,training,normaleso137.jpg,<CV2024_ROOT>/Dataset/training/Normal/KID/normaleso137.jpg,d1c400d30f0f1fdf,c0860301000880c0,10,4,89cdd41258c542c5_9814.jpg
cv2024,training_KID,KID,training,normaleso138.jpg,<CV2024_ROOT>/Dataset/training/Normal/KID/normaleso138.jpg,968d44631b9e6e66,e8e6ad1c0f8face0,14,12,7a47e8eacea04e64_63473.jpg
cv2024,training_KID,KID,training,normaleso141.jpg,<CV2024_ROOT>/Dataset/training/Normal/KID/normaleso141.jpg,e19c01c707c75fc3,c0820303030386c4,12,5,b2134f4a6f864613_10533.jpg
cv2024,training_KID,KID,training,normaleso143.jpg,<CV2024_ROOT>/Dataset/training/Normal/KID/normaleso143.jpg,953f44ee13a15af0,ecb61e5e0f1796d8,10,10,dca1377dec974312_8054.jpg
cv2024,training_KID,KID,training,normaleso145.jpg,<CV2024_ROOT>/Dataset/training/Normal/KID/normaleso145.jpg,957a553d4ab14ab1,fcbe3f3f3f3f9ee8,10,7,0531325b64674948_3548.jpg
cv2024,training_KID,KID,training,normaleso148.jpg,<CV2024_ROOT>/Dataset/training/Normal/KID/normaleso148.jpg,c479838e5ae11fb4,d89e1e03356686e0,14,13,fb86bc87d3874cd7_30637.jpg
cv2024,training_KID,KID,training,normaleso149.jpg,<CV2024_ROOT>/Dataset/training/Normal/KID/normaleso149.jpg,956a45a95aa55ab5,c0860f1f393fbef8,10,8,fb86bc87d3874cd7_25209.jpg
cv2024,training_KID,KID,training,normaleso15.jpg,<CV2024_ROOT>/Dataset/training/Normal/KID/normaleso15.jpg,856945ad5af16b25,c0860717373bbeec,14,8,bca26705313a4644_9967.jpg
cv2024,training_KID,KID,training,normaleso151.jpg,<CV2024_ROOT>/Dataset/training/Normal/KID/normaleso151.jpg,d0d600460f1f1fdf,c0800101010382c0,8,4,df6b47bafe5143f5_10111.jpg
cv2024,training_KID,KID,training,normaleso152.jpg,<CV2024_ROOT>/Dataset/training/Normal/KID/normaleso152.jpg,b53d55ec5a484a72,fcbe3f1f1f3fdefc,14,7,64440803f87b4843_18883.jpg
cv2024,training_KID,KID,training,normaleso153.jpg,<CV2024_ROOT>/Dataset/training/Normal/KID/normaleso153.jpg,916a45a91aad1fb5,c0860f1b696bbefc,8,12,fb86bc87d3874cd7_25204.jpg
cv2024,training_KID,KID,training,normaleso154.jpg,<CV2024_ROOT>/Dataset/training/Normal/KID/normaleso154.jpg,c06853bb1b351fa5,c080a727232fcee8,14,10,64440803f87b4843_5744.jpg
cv2024,training_KID,KID,training,normaleso156.jpg,<CV2024_ROOT>/Dataset/training/Normal/KID/normaleso156.jpg,95c3479c9c3933cc,f0eecffa747e9afc,14,10,eb0203196e284797_3206.jpg
cv2024,training_KID,KID,training,normaleso158.jpg,<CV2024_ROOT>/Dataset/training/Normal/KID/normaleso158.jpg,c469026d0ff51fa5,c0800000202084e0,14,4,fb86bc87d3874cd7_12473.jpg
cv2024,training_KID,KID,training,normaleso160.jpg,<CV2024_ROOT>/Dataset/training/Normal/KID/normaleso160.jpg,a12d15565af05a6f,cc8e07030f0d8eec,14,6,bc84479c66fe4da6_63070.jpg
cv2024,training_KID,KID,training,normaleso161.jpg,<CV2024_ROOT>/Dataset/training/Normal/KID/normaleso161.jpg,953744d84ae43bd9,dcde3e4c593986dc,14,10,8885668afb844852_8100.jpg
cv2024,training_KID,KID,training,normaleso166.jpg,<CV2024_ROOT>/Dataset/training/Normal/KID/normaleso166.jpg,d03701e70e317bdc,ec8a1f0d251f9af8,16,12,64440803f87b4843_19135.jpg
cv2024,training_KID,KID,training,normaleso168.jpg,<CV2024_ROOT>/Dataset/training/Normal/KID/normaleso168.jpg,c03f007d0ff01ff1,c0820303030386c0,10,6,fb86bc87d3874cd7_12400.jpg
cv2024,training_KID,KID,training,normaleso171.jpg,<CV2024_ROOT>/Dataset/training/Normal/KID/normaleso171.jpg,d49701de07721fe2,cc9a292f273b8ec0,12,12,04a78ef00c5245e0_48845.jpg
cv2024,training_KID,KID,training,normaleso174.jpg,<CV2024_ROOT>/Dataset/training/Normal/KID/normaleso174.jpg,b56454b142b74ade,cc9e2f1f1f5fbefc,12,7,7ad22d50ebaf4596_31127.jpg
cv2024,training_KID,KID,training,normaleso175.jpg,<CV2024_ROOT>/Dataset/training/Normal/KID/normaleso175.jpg,d01f87fd4bc04b19,f8fce1e4113084e0,16,12,8ebf0e483cac48d6_28609.jpg
cv2024,training_KID,KID,training,normaleso176.jpg,<CV2024_ROOT>/Dataset/training/Normal/KID/normaleso176.jpg,c59a10674bdb3e8c,e88e364b470786f0,12,12,fb86bc87d3874cd7_30503.jpg
cv2024,training_KID,KID,training,normaleso177.jpg,<CV2024_ROOT>/Dataset/training/Normal/KID/normaleso177.jpg,d1c701170f571f9a,c8820d170b0f8ecc,10,8,131368cc17e44240_1226.jpg
cv2024,training_KID,KID,training,normaleso18.jpg,<CV2024_ROOT>/Dataset/training/Normal/KID/normaleso18.jpg,941945ec4b7d1be1,f0a61f1b8f2f8ecc,10,8,df6b47bafe5143f5_2483.jpg
cv2024,training_KID,KID,training,normaleso180.jpg,<CV2024_ROOT>/Dataset/training/Normal/KID/normaleso180.jpg,911f556f4af00af2,fcfe7dbf9f1f8ec8,12,7,4560e83f9afc4685_7126.jpg
cv2024,training_KID,KID,training,normaleso181.jpg,<CV2024_ROOT>/Dataset/training/Normal/KID/normaleso181.jpg,84d115c7561b6a7b,e8ba978fcde7facc,12,13,bca26705313a4644_12324.jpg
cv2024,training_KID,KID,training,normaleso182.jpg,<CV2024_ROOT>/Dataset/training/Normal/KID/normaleso182.jpg,e5cc102513777e4e,cc86074f07078edc,10,4,3c8d5f0b90d7475d_17079.jpg
cv2024,training_KID,KID,training,normaleso183.jpg,<CV2024_ROOT>/Dataset/training/Normal/KID/normaleso183.jpg,c03f02fd0bf41fe0,dc9a1b0381028cc8,10,10,fb86bc87d3874cd7_12400.jpg
cv2024,training_KID,KID,training,normaleso184.jpg,<CV2024_ROOT>/Dataset/training/Normal/KID/normaleso184.jpg,c03e01ed0ff41ff0,c0860303030386c0,12,6,dca1377dec974312_3811.jpg
cv2024,training_KID,KID,training,normaleso185.jpg,<CV2024_ROOT>/Dataset/training/Normal/KID/normaleso185.jpg,851c55cc5ac54af7,fc9e3f3f3f2f9eec,12,7,495f16498db34d3c_32880.jpg
cv2024,training_KID,KID,training,normaleso187.jpg,<CV2024_ROOT>/Dataset/training/Normal/KID/normaleso187.jpg,d4c500151f1f7a7e,c49231707438f8e8,10,9,fb86bc87d3874cd7_10521.jpg
cv2024,training_KID,KID,training,normaleso188.jpg,<CV2024_ROOT>/Dataset/training/Normal/KID/normaleso188.jpg,95d155175a4b4a4f,f8fefbffff7fdefc,10,5,fb86bc87d3874cd7_30626.jpg
cv2024,training_KID,KID,training,normaleso189.jpg,<CV2024_ROOT>/Dataset/training/Normal/KID/normaleso189.jpg,c4cb9183138f1f9e,c08223272727a6e4,10,10,df6b47bafe5143f5_14432.jpg
cv2024,training_KID,KID,training,normaleso190.jpg,<CV2024_ROOT>/Dataset/training/Normal/KID/normaleso190.jpg,956754ae4b316bc4,ecb60fc84c0d96f0,14,12,fc32def0e7194981_31243.jpg
cv2024,training_KID,KID,training,normaleso191.jpg,<CV2024_ROOT>/Dataset/training/Normal/KID/normaleso191.jpg,d45fc1600f851fd6,c49e3d3d2f1f8ee8,14,10,df6b47bafe5143f5_2684.jpg
cv2024,training_KID,KID,training,normaleso192.jpg,<CV2024_ROOT>/Dataset/training/Normal/KID/normaleso192.jpg,b59750d75ad24a4a,fcbe3f3f3f1f8edc,12,5,04a78ef00c5245e0_48817.jpg
cv2024,training_KID,KID,training,normaleso193.jpg,<CV2024_ROOT>/Dataset/training/Normal/KID/normaleso193.jpg,91cc443d1af31f39,f8961f0f1f1e8ec8,12,9,7a47e8eacea04e64_63502.jpg
cv2024,training_KID,KID,training,normaleso194.jpg,<CV2024_ROOT>/Dataset/training/Normal/KID/normaleso194.jpg,c56d51921eb53ad4,e0c2c6e6e0f0f0f0,12,6,5bb1d3cc7dc64cec_34112.jpg
cv2024,training_KID,KID,training,normaleso196.jpg,<CV2024_ROOT>/Dataset/training/Normal/KID/normaleso196.jpg,c1c695dd4ec68e29,e0e263450713bae8,16,11,7a47e8eacea04e64_63503.jpg
cv2024,training_KID,KID,training,normaleso198.jpg,<CV2024_ROOT>/Dataset/training/Normal/KID/normaleso198.jpg,d585413b473e4f32,f8923028383a9ec0,10,11,c7084b3556e34619_58555.jpg
cv2024,training_KID,KID,training,normaleso199.jpg,<CV2024_ROOT>/Dataset/training/Normal/KID/normaleso199.jpg,913613274e4b5bb3,ec8e1b371f139ad8,16,8,8885668afb844852_8145.jpg
cv2024,training_KID,KID,training,normaleso2.jpg,<CV2024_ROOT>/Dataset/training/Normal/KID/normaleso2.jpg,f1dc00830fd31f8f,c0800309070b8cc0,14,10,fc32def0e7194981_88886.jpg
cv2024,training_KID,KID,training,normaleso20.jpg,<CV2024_ROOT>/Dataset/training/Normal/KID/normaleso20.jpg,bf0f40f85be10a87,dcbe3f1f3f1f9ecc,14,5,8ebf0e483cac48d6_7181.jpg
cv2024,training_KID,KID,training,normaleso200.jpg,<CV2024_ROOT>/Dataset/training/Normal/KID/normaleso200.jpg,c4c5404e13cf0f7f,c08603161d23a6c8,8,10,0531325b64674948_245.jpg
cv2024,training_KID,KID,training,normaleso202.jpg,<CV2024_ROOT>/Dataset/training/Normal/KID/normaleso202.jpg,952f55fc5a304af0,fcfefffffdfbfef8,10,4,0531325b64674948_8340.jpg
cv2024,training_KID,KID,training,normaleso203.jpg,<CV2024_ROOT>/Dataset/training/Normal/KID/normaleso203.jpg,c276452907fd1a6d,c48a0d0d173392e0,14,9,5bb1d3cc7dc64cec_34099.jpg
cv2024,training_KID,KID,training,normaleso205.jpg,<CV2024_ROOT>/Dataset/training/Normal/KID/normaleso205.jpg,c43bc0fc0b34dfe0,cc860307072786c8,14,6,fb86bc87d3874cd7_12400.jpg
cv2024,training_KID,KID,training,normaleso206.jpg,<CV2024_ROOT>/Dataset/training/Normal/KID/normaleso206.jpg,c1c5015b075e1f5f,c0924307070786cc,8,6,495f16498db34d3c_21086.jpg
cv2024,training_KID,KID,training,normaleso207.jpg,<CV2024_ROOT>/Dataset/training/Normal/KID/normaleso207.jpg,c07c90e65fc16ad3,e4960303010188f8,16,10,d7a271f233ba4a40_10996.jpg
cv2024,training_KID,KID,training,normaleso208.jpg,<CV2024_ROOT>/Dataset/training/Normal/KID/normaleso208.jpg,91c1540b4b3f1bf5,f89e139bdb7faefc,12,12,3ada4222967f421d_2599.jpg
cv2024,training_KID,KID,training,normaleso209.jpg,<CV2024_ROOT>/Dataset/training/Normal/KID/normaleso209.jpg,c1c702070353bf7f,c8820309030686cc,10,8,df6b47bafe5143f5_9962.jpg
cv2024,training_KID,KID,training,normaleso21.jpg,<CV2024_ROOT>/Dataset/training/Normal/KID/normaleso21.jpg,d19304435a7e4f7a,ec9e3838994386c4,12,9,df6b47bafe5143f5_14349.jpg
cv2024,training_KID,KID,training,normaleso210.jpg,<CV2024_ROOT>/Dataset/training/Normal/KID/normaleso210.jpg,b5c344830ea74abf,c0860f1f3f3fbef4,14,6,fc32def0e7194981_22335.jpg
cv2024,training_KID,KID,training,normaleso211.jpg,<CV2024_ROOT>/Dataset/training/Normal/KID/normaleso211.jpg,853a55bc4ef05af0,fc9e9b67673796f0,12,11,04a78ef00c5245e0_48566.jpg
cv2024,training_KID,KID,training,normaleso213.jpg,<CV2024_ROOT>/Dataset/training/Normal/KID/normaleso213.jpg,c4c2150d5e3f4b37,e0868707072786cc,10,8,89cdd41258c542c5_9802.jpg
cv2024,training_KID,KID,training,normaleso214.jpg,<CV2024_ROOT>/Dataset/training/Normal/KID/normaleso214.jpg,c07103e30f7c1f3e,c0800000000080c0,14,0,df6b47bafe5143f5_2513.jpg
cv2024,training_KID,KID,training,normaleso216.jpg,<CV2024_ROOT>/Dataset/training/Normal/KID/normaleso216.jpg,d4e780390376daf8,ec860f0f1f1fb6e8,14,8,fb86bc87d3874cd7_10521.jpg
cv2024,training_KID,KID,training,normaleso218.jpg,<CV2024_ROOT>/Dataset/training/Normal/KID/normaleso218.jpg,d563c40c0a66dbb7,e08e0f0f1f3eb6e8,16,9,07c1fa15a20a4398_1413.jpg
cv2024,training_KID,KID,training,normaleso22.jpg,<CV2024_ROOT>/Dataset/training/Normal/KID/normaleso22.jpg,c096005b0fdb1f7e,c0860203030382c0,10,6,bca26705313a4644_23304.jpg
cv2024,training_KID,KID,training,normaleso220.jpg,<CV2024_ROOT>/Dataset/training/Normal/KID/normaleso220.jpg,e1c50103075f5f5f,c0860707070f86c8,6,5,3c8d5f0b90d7475d_17096.jpg
cv2024,training_KID,KID,training,normaleso221.jpg,<CV2024_ROOT>/Dataset/training/Normal/KID/normaleso221.jpg,90cf51930a8f4fd5,d89e2727350f9edc,12,10,64440803f87b4843_5804.jpg
cv2024,training_KID,KID,training,normaleso222.jpg,<CV2024_ROOT>/Dataset/training/Normal/KID/normaleso222.jpg,957a51690aa55fa5,cc8e2f1f0f1f96e8,12,7,8ebf0e483cac48d6_7169.jpg
cv2024,training_KID,KID,training,normaleso226.jpg,<CV2024_ROOT>/Dataset/training/Normal/KID/normaleso226.jpg,f1d441074b4f0f6b,c08e0f0f0f079ecc,12,6,495f16498db34d3c_21164.jpg
cv2024,training_KID,KID,training,normaleso227.jpg,<CV2024_ROOT>/Dataset/training/Normal/KID/normaleso227.jpg,9584426b5b942efb,e0862e1e1e0e96f8,16,11,7a47e8eacea04e64_63609.jpg
cv2024,training_KID,KID,training,normaleso229.jpg,<CV2024_ROOT>/Dataset/training/Normal/KID/normaleso229.jpg,c085855e0f4f1f2f,e0920b07030386cc,10,7,3c8d5f0b90d7475d_16975.jpg
cv2024,training_KID,KID,training,normaleso23.jpg,<CV2024_ROOT>/Dataset/training/Normal/KID/normaleso23.jpg,d163049c43277ecf,e092070a1b39b6f8,12,13,fc32def0e7194981_22521.jpg
cv2024,training_KID,KID,training,normaleso230.jpg,<CV2024_ROOT>/Dataset/training/Normal/KID/normaleso230.jpg,c03d007a1f3d1f75,c0860200010182c0,12,5,0531325b64674948_9987.jpg
cv2024,training_KID,KID,training,normaleso233.jpg,<CV2024_ROOT>/Dataset/training/Normal/KID/normaleso233.jpg,95c94413523f4b7e,e8f0707cbcdeaecc,8,9,d626f4f4a5ac4785_50118.jpg
cv2024,training_KID,KID,training,normaleso234.jpg,<CV2024_ROOT>/Dataset/training/Normal/KID/normaleso234.jpg,95d951655a2e4a5e,fcbe3d7f2f0f9edc,14,8,3ada4222967f421d_2406.jpg
cv2024,training_KID,KID,training,normaleso236.jpg,<CV2024_ROOT>/Dataset/training/Normal/KID/normaleso236.jpg,c43f44f94ef04fc0,e49e0f0f070786e4,14,6,64440803f87b4843_19156.jpg
cv2024,training_KID,KID,training,normaleso237.jpg,<CV2024_ROOT>/Dataset/training/Normal/KID/normaleso237.jpg,9494465f1ac36f6a,f0b63f3f3f2fa0e0,16,9,04a78ef00c5245e0_48829.jpg
cv2024,training_KID,KID,training,normaleso239.jpg,<CV2024_ROOT>/Dataset/training/Normal/KID/normaleso239.jpg,95d455165a1b4a7e,f8be7ffffefffef8,10,5,fb86bc87d3874cd7_30626.jpg
cv2024,training_KID,KID,training,normaleso24.jpg,<CV2024_ROOT>/Dataset/training/Normal/KID/normaleso24.jpg,9568d5995a990a9f,f08e0f1f3f3fbeec,14,7,131368cc17e44240_31010.jpg
cv2024,training_KID,KID,training,normaleso240.jpg,<CV2024_ROOT>/Dataset/training/Normal/KID/normaleso240.jpg,97c7417c1a243af9,ecca1f3c393fbed8,16,10,7a47e8eacea04e64_63467.jpg
cv2024,training_KID,KID,training,normaleso241.jpg,<CV2024_ROOT>/Dataset/training/Normal/KID/normaleso241.jpg,b48555795e1e5a0e,d49e4f0f0f0f9eec,14,8,131368cc17e44240_31144.jpg
cv2024,training_KID,KID,training,normaleso243.jpg,<CV2024_ROOT>/Dataset/training/Normal/KID/normaleso243.jpg,e56e41e50aa51fb1,c4860f0f0f0f8ec8,14,5,df6b47bafe5143f5_13279.jpg
cv2024,training_KID,KID,training,normaleso244.jpg,<CV2024_ROOT>/Dataset/training/Normal/KID/normaleso244.jpg,c09700760f7e1f7a,e0800100010180c0,10,3,af9bd7d0e43741e3_30172.jpg
cv2024,training_KID,KID,training,normaleso245.jpg,<CV2024_ROOT>/Dataset/training/Normal/KID/normaleso245.jpg,956544c65b680f3f,c48e1b397869e0f0,14,9,5e59c7fdb16c4228_26604.jpg
cv2024,training_KID,KID,training,normaleso248.jpg,<CV2024_ROOT>/Dataset/training/Normal/KID/normaleso248.jpg,95c850035a9f4bbf,dc9e3f3f3f7ebefc,10,5,131368cc17e44240_3252.jpg
cv2024,training_KID,KID,training,normaleso25.jpg,<CV2024_ROOT>/Dataset/training/Normal/KID/normaleso25.jpg,c16545db43e61ea3,e0c207071b39b0e0,12,12,64440803f87b4843_4975.jpg
cv2024,training_KID,KID,training,normaleso250.jpg,<CV2024_ROOT>/Dataset/training/Normal/KID/normaleso250.jpg,e03f01f707f01fe0,cc860303010182c0,10,5,04a78ef00c5245e0_48515.jpg
cv2024,training_KID,KID,training,normaleso251.jpg,<CV2024_ROOT>/Dataset/training/Normal/KID/normaleso251.jpg,d4f050d30b0f1f4f,949426aea828a6e0,12,12,131368cc17e44240_31630.jpg
cv2024,training_KID,KID,training,normaleso252.jpg,<CV2024_ROOT>/Dataset/training/Normal/KID/normaleso252.jpg,9595551752d74a5a,fcbe7f3f3f3fbefc,8,4,89cdd41258c542c5_9875.jpg
cv2024,training_KID,KID,training,normaleso253.jpg,<CV2024_ROOT>/Dataset/training/Normal/KID/normaleso253.jpg,d07f00640f3d3f74,c0800810000484cc,14,5,0531325b64674948_9987.jpg
cv2024,training_KID,KID,training,normaleso254.jpg,<CV2024_ROOT>/Dataset/training/Normal/KID/normaleso254.jpg,8773509e1e314f6c,ec8e4f0e2f6de6e0,14,10,8885668afb844852_8220.jpg
cv2024,training_KID,KID,training,normaleso256.jpg,<CV2024_ROOT>/Dataset/training/Normal/KID/normaleso256.jpg,c0c600c70f3f1fcf,c0800000000080c0,12,0,fc32def0e7194981_22486.jpg
cv2024,training_KID,KID,training,normaleso257.jpg,<CV2024_ROOT>/Dataset/training/Normal/KID/normaleso257.jpg,c29f007307ce3f33,f0f0e060c98180c0,12,7,fb86bc87d3874cd7_13416.jpg
cv2024,training_KID,KID,training,normaleso258.jpg,<CV2024_ROOT>/Dataset/training/Normal/KID/normaleso258.jpg,959450434e4f5a7f,ec9e3666ccdd92fc,10,9,48579eec79784294_5910.jpg
cv2024,training_KID,KID,training,normaleso259.jpg,<CV2024_ROOT>/Dataset/training/Normal/KID/normaleso259.jpg,d1d301130f5f1f5a,c88e0123130786c4,12,7,d369e4f163df4aba_26375.jpg
cv2024,training_KID,KID,training,normaleso260.jpg,<CV2024_ROOT>/Dataset/training/Normal/KID/normaleso260.jpg,82d855c75e1cca3e,ec9a1f374f4f9eec,16,11,39960e5e099a45ca_13439.jpg
cv2024,training_KID,KID,training,normaleso262.jpg,<CV2024_ROOT>/Dataset/training/Normal/KID/normaleso262.jpg,d17b84254ba81b5f,c08e1913170f86e0,12,10,5e9beaf4e66142c8_49297.jpg
cv2024,training_KID,KID,training,normaleso264.jpg,<CV2024_ROOT>/Dataset/training/Normal/KID/normaleso264.jpg,929a536d4bc98b87,f8bcf8f8e4e7c6ec,18,9,bc84479c66fe4da6_24474.jpg
cv2024,training_KID,KID,training,normaleso265.jpg,<CV2024_ROOT>/Dataset/training/Normal/KID/normaleso265.jpg,c09781570fca5fca,e0860303010182c0,12,6,64440803f87b4843_7292.jpg
cv2024,training_KID,KID,training,normaleso268.jpg,<CV2024_ROOT>/Dataset/training/Normal/KID/normaleso268.jpg,953f45dc52f80af0,f4fe3f1f2d538ec4,8,11,dca1377dec974312_8051.jpg
cv2024,training_KID,KID,training,normaleso27.jpg,<CV2024_ROOT>/Dataset/training/Normal/KID/normaleso27.jpg,c0f501310f5d5f1f,d49421070d0382e0,12,11,eb0203196e284797_1158.jpg
cv2024,training_KID,KID,training,normaleso270.jpg,<CV2024_ROOT>/Dataset/training/Normal/KID/normaleso270.jpg,8192555f5a1b0a7f,e88e171b1b1396cc,12,11,fb86bc87d3874cd7_13480.jpg
cv2024,training_KID,KID,training,normaleso271.jpg,<CV2024_ROOT>/Dataset/training/Normal/KID/normaleso271.jpg,947803a34fad5a75,e88e17371f1f8ecc,14,9,07c1fa15a20a4398_1430.jpg
cv2024,training_KID,KID,training,normaleso272.jpg,<CV2024_ROOT>/Dataset/training/Normal/KID/normaleso272.jpg,c1cb119646ed4ed9,f09213074f4f92e8,12,12,64440803f87b4843_18650.jpg
cv2024,training_KID,KID,training,normaleso273.jpg,<CV2024_ROOT>/Dataset/training/Normal/KID/normaleso273.jpg,c5c501430f5f1f1f,c0802020010386c8,10,6,89cdd41258c542c5_9964.jpg
cv2024,training_KID,KID,training,normaleso274.jpg,<CV2024_ROOT>/Dataset/training/Normal/KID/normaleso274.jpg,c51f94dc12e85e39,e4c60303032382c0,14,7,64440803f87b4843_18557.jpg
cv2024,training_KID,KID,training,normaleso275.jpg,<CV2024_ROOT>/Dataset/training/Normal/KID/normaleso275.jpg,d03f11f40fe05fe0,dc8e0707050488c8,12,10,64440803f87b4843_7683.jpg
cv2024,training_KID,KID,training,normaleso276.jpg,<CV2024_ROOT>/Dataset/training/Normal/KID/normaleso276.jpg,a494d5c64a4e4a7f,e49e0f27072f8edc,14,7,fb86bc87d3874cd7_10573.jpg
cv2024,training_KID,KID,training,normaleso277.jpg,<CV2024_ROOT>/Dataset/training/Normal/KID/normaleso277.jpg,816bd5e95bc50a95,cc8e070f07078eec,14,5,5e59c7fdb16c4228_13725.jpg
cv2024,training_KID,KID,training,normaleso28.jpg,<CV2024_ROOT>/Dataset/training/Normal/KID/normaleso28.jpg,c4df12344e6e9b62,f8f0f0e0e6fca4e0,16,5,fb86bc87d3874cd7_7222.jpg
cv2024,training_KID,KID,training,normaleso280.jpg,<CV2024_ROOT>/Dataset/training/Normal/KID/normaleso280.jpg,c03f00ed0fe51fe1,c0800100010382c0,10,3,b2134f4a6f864613_10751.jpg
cv2024,training_KID,KID,training,normaleso282.jpg,<CV2024_ROOT>/Dataset/training/Normal/KID/normaleso282.jpg,953f14bc1ef05a61,f8fa7860f2f0d4e0,8,10,b2134f4a6f864613_10526.jpg
cv2024,training_KID,KID,training,normaleso29.jpg,<CV2024_ROOT>/Dataset/training/Normal/KID/normaleso29.jpg,81e144051ffd4f1f,c0864d1f6f6f86ec,12,10,131368cc17e44240_30759.jpg
cv2024,training_KID,KID,training,normaleso30.jpg,<CV2024_ROOT>/Dataset/training/Normal/KID/normaleso30.jpg,c0d2050d1f6b0f7f,e0c0810103c386c4,10,8,af9bd7d0e43741e3_30166.jpg
cv2024,training_KID,KID,training,normaleso31.jpg,<CV2024_ROOT>/Dataset/training/Normal/KID/normaleso31.jpg,8531d7c5469a5b6a,cc9e1bdfd7e3f6e8,14,11,fc32def0e7194981_88929.jpg
cv2024,training_KID,KID,training,normaleso32.jpg,<CV2024_ROOT>/Dataset/training/Normal/KID/normaleso32.jpg,94e455135a4f4a6f,ccbe373c7c7cfef8,12,9,8885668afb844852_15850.jpg
cv2024,training_KID,KID,training,normaleso34.jpg,<CV2024_ROOT>/Dataset/training/Normal/KID/normaleso34.jpg,95c154c35a564adf,fcbe7f7d7ffffefc,12,5,8885668afb844852_22865.jpg
cv2024,training_KID,KID,training,normaleso35.jpg,<CV2024_ROOT>/Dataset/training/Normal/KID/normaleso35.jpg,a52f55fc5ae44aa0,dc8e1f1f1f0f86d4,10,5,fb86bc87d3874cd7_25296.jpg
cv2024,training_KID,KID,training,normaleso36.jpg,<CV2024_ROOT>/Dataset/training/Normal/KID/normaleso36.jpg,916a552952a74bb7,c8a2499d1d3bfefc,10,12,39960e5e099a45ca_23845.jpg
cv2024,training_KID,KID,training,normaleso38.jpg,<CV2024_ROOT>/Dataset/training/Normal/KID/normaleso38.jpg,c0e591341f530f7e,e88e030101038ed8,12,9,3ada4222967f421d_2513.jpg
cv2024,training_KID,KID,training,normaleso39.jpg,<CV2024_ROOT>/Dataset/training/Normal/KID/normaleso39.jpg,d19541360fda5f62,cc961f1f0f0b8ec0,12,6,d7a271f233ba4a40_7538.jpg
cv2024,training_KID,KID,training,normaleso4.jpg,<CV2024_ROOT>/Dataset/training/Normal/KID/normaleso4.jpg,c166059f1fd41bb4,c882838d0b0b96d0,12,10,fc32def0e7194981_22294.jpg
cv2024,training_KID,KID,training,normaleso40.jpg,<CV2024_ROOT>/Dataset/training/Normal/KID/normaleso40.jpg,9593551d4a7c0ee5,ec8e3f3f3f3796cc,12,7,6cb700585c4f4070_14820.jpg
cv2024,training_KID,KID,training,normaleso42.jpg,<CV2024_ROOT>/Dataset/training/Normal/KID/normaleso42.jpg,b59544560e4e4f6b,ec9e1f1f1f0f8ed0,12,5,fb86bc87d3874cd7_10573.jpg
cv2024,training_KID,KID,training,normaleso43.jpg,<CV2024_ROOT>/Dataset/training/Normal/KID/normaleso43.jpg,f04b00bf03f45ff0,c0820303070f8ec8,12,6,dc221ccc65d34010_84198.jpg
cv2024,training_KID,KID,training,normaleso44.jpg,<CV2024_ROOT>/Dataset/training/Normal/KID/normaleso44.jpg,d44b42b5434d6f99,e8f8f1e07c2cb4f8,12,11,ed02f27ef36f483e_4447.jpg
cv2024,training_KID,KID,training,normaleso45.jpg,<CV2024_ROOT>/Dataset/training/Normal/KID/normaleso45.jpg,c06f01a40ff51fb5,c0820301030192e0,8,6,c7084b3556e34619_29933.jpg
cv2024,training_KID,KID,training,normaleso46.jpg,<CV2024_ROOT>/Dataset/training/Normal/KID/normaleso46.jpg,e487113a46f59b5a,e0860707271b9edc,14,8,131368cc17e44240_5686.jpg
cv2024,training_KID,KID,training,normaleso47.jpg,<CV2024_ROOT>/Dataset/training/Normal/KID/normaleso47.jpg,a597551852fa2e59,dc8e4f0f1f0796cc,12,7,fb86bc87d3874cd7_30755.jpg
cv2024,training_KID,KID,training,normaleso48.jpg,<CV2024_ROOT>/Dataset/training/Normal/KID/normaleso48.jpg,c01b00f50f3f5fc6,c0800321010386c0,12,7,ed02f27ef36f483e_58602.jpg
cv2024,training_KID,KID,training,normaleso5.jpg,<CV2024_ROOT>/Dataset/training/Normal/KID/normaleso5.jpg,91c351f21eb44b4f,d8884b6c6c8d96f0,14,14,3ada4222967f421d_10832.jpg
cv2024,training_KID,KID,training,normaleso50.jpg,<CV2024_ROOT>/Dataset/training/Normal/KID/normaleso50.jpg,95cd554b5a2d4a2d,f8feffff7f3fbefc,12,5,3ada4222967f421d_10771.jpg
cv2024,training_KID,KID,training,normaleso51.jpg,<CV2024_ROOT>/Dataset/training/Normal/KID/normaleso51.jpg,c5c700030f4f1f7f,c0864107070786cc,10,7,af9bd7d0e43741e3_30184.jpg
cv2024,training_KID,KID,training,normaleso52.jpg,<CV2024_ROOT>/Dataset/training/Normal/KID/normaleso52.jpg,d3b514594ee64b4a,d89cc84cd8c888f8,14,8,89cdd41258c542c5_3823.jpg
cv2024,training_KID,KID,training,normaleso53.jpg,<CV2024_ROOT>/Dataset/training/Normal/KID/normaleso53.jpg,953750fc0aea4b5a,dc8e0f0f07078ec8,12,6,8885668afb844852_8126.jpg
cv2024,training_KID,KID,training,normaleso54.jpg,<CV2024_ROOT>/Dataset/training/Normal/KID/normaleso54.jpg,949d44731b1a5eb5,f4b6363b1f0d96e4,12,11,bca26705313a4644_12297.jpg
cv2024,training_KID,KID,training,normaleso55.jpg,<CV2024_ROOT>/Dataset/training/Normal/KID/normaleso55.jpg,953652d943c70f1e,cc9e0f07377396f0,12,9,c11b28a8b2344716_27343.jpg
cv2024,training_KID,KID,training,normaleso56.jpg,<CV2024_ROOT>/Dataset/training/Normal/KID/normaleso56.jpg,c14f05b546cc1f37,e0820301041c84c8,10,6,48579eec79784294_18093.jpg
cv2024,training_KID,KID,training,normaleso57.jpg,<CV2024_ROOT>/Dataset/training/Normal/KID/normaleso57.jpg,c19111664f5a5bde,d8da99c3470786c4,10,11,64440803f87b4843_9594.jpg
cv2024,training_KID,KID,training,normaleso6.jpg,<CV2024_ROOT>/Dataset/training/Normal/KID/normaleso6.jpg,857a55bc4ab54af0,cc8e0f0f0f3f9ee8,10,7,0531325b64674948_3548.jpg
cv2024,training_KID,KID,training,normaleso60.jpg,<CV2024_ROOT>/Dataset/training/Normal/KID/normaleso60.jpg,d4cf00ac0f711fad,e0c21221270f9ecc,14,12,3c8d5f0b90d7475d_17059.jpg
cv2024,training_KID,KID,training,normaleso61.jpg,<CV2024_ROOT>/Dataset/training/Normal/KID/normaleso61.jpg,c13b01f40ff11fd4,e0801103070786e0,12,9,89cdd41258c542c5_9955.jpg
cv2024,training_KID,KID,training,normaleso62.jpg,<CV2024_ROOT>/Dataset/training/Normal/KID/normaleso62.jpg,e11f00ff0ff01fc0,c0800002020180c0,10,2,04a78ef00c5245e0_48515.jpg
cv2024,training_KID,KID,training,normaleso64.jpg,<CV2024_ROOT>/Dataset/training/Normal/KID/normaleso64.jpg,ad34d0b80bcd8fe4,ec8e0703033386c8,14,8,fc32def0e7194981_58654.jpg
cv2024,training_KID,KID,training,normaleso65.jpg,<CV2024_ROOT>/Dataset/training/Normal/KID/normaleso65.jpg,85c555435a1f4b1f,cc8e2f3f0f4f8efc,10,7,c7084b3556e34619_58776.jpg
cv2024,training_KID,KID,training,normaleso67.jpg,<CV2024_ROOT>/Dataset/training/Normal/KID/normaleso67.jpg,956a50a95f946ab5,f092076d5f3fbefc,12,11,c7084b3556e34619_21438.jpg
cv2024,training_KID,KID,training,normaleso68.jpg,<CV2024_ROOT>/Dataset/training/Normal/KID/normaleso68.jpg,c07b10d10f3d4fe3,d8880323c59696e0,12,12,d626f4f4a5ac4785_32756.jpg
cv2024,training_KID,KID,training,normaleso7.jpg,<CV2024_ROOT>/Dataset/training/Normal/KID/normaleso7.jpg,c53f00f11fe05fe0,fc9e2f23010380c0,12,9,64440803f87b4843_7667.jpg
cv2024,training_KID,KID,training,normaleso71.jpg,<CV2024_ROOT>/Dataset/training/Normal/KID/normaleso71.jpg,978f517e52d84a98,f8fe7f7f3f3fbed8,12,3,64440803f87b4843_7206.jpg
cv2024,training_KID,KID,training,normaleso72.jpg,<CV2024_ROOT>/Dataset/training/Normal/KID/normaleso72.jpg,90e0447d1f275b9e,f4968f5f1b1ba6e4,12,11,131368cc17e44240_30786.jpg
cv2024,training_KID,KID,training,normaleso73.jpg,<CV2024_ROOT>/Dataset/training/Normal/KID/normaleso73.jpg,c16e05af07b45fe0,e0860707070382c8,12,7,04a78ef00c5245e0_5625.jpg
cv2024,training_KID,KID,training,normaleso75.jpg,<CV2024_ROOT>/Dataset/training/Normal/KID/normaleso75.jpg,916b41b11b757ab4,d0960f1919bb96f0,14,12,64440803f87b4843_17840.jpg
cv2024,training_KID,KID,training,normaleso76.jpg,<CV2024_ROOT>/Dataset/training/Normal/KID/normaleso76.jpg,c29f11394ef81e6c,f8aa2907070b9af0,10,11,0531325b64674948_10336.jpg
cv2024,training_KID,KID,training,normaleso77.jpg,<CV2024_ROOT>/Dataset/training/Normal/KID/normaleso77.jpg,841fd1c31bb44f69,c08627070f0f8ee8,14,7,131368cc17e44240_31639.jpg
cv2024,training_KID,KID,training,normaleso8.jpg,<CV2024_ROOT>/Dataset/training/Normal/KID/normaleso8.jpg,d53701fc0ff01fc0,ecde3f37333290e0,10,7,ed02f27ef36f483e_13796.jpg
cv2024,training_KID,KID,training,normaleso80.jpg,<CV2024_ROOT>/Dataset/training/Normal/KID/normaleso80.jpg,c06d10e10ff51fb5,cc8e070703098ce8,12,8,495f16498db34d3c_10818.jpg
cv2024,training_KID,KID,training,normaleso81.jpg,<CV2024_ROOT>/Dataset/training/Normal/KID/normaleso81.jpg,e13641751fd21f68,dc9e0f0d070782d0,16,8,3ada4222967f421d_3196.jpg
cv2024,training_KID,KID,training,normaleso82.jpg,<CV2024_ROOT>/Dataset/training/Normal/KID/normaleso82.jpg,9497515d46765ae2,fc9e2f2f2f378ecc,8,9,0531325b64674948_10307.jpg
cv2024,training_KID,KID,training,normaleso83.jpg,<CV2024_ROOT>/Dataset/training/Normal/KID/normaleso83.jpg,9363448153cf4f76,cc8e0f0b1c3fbefc,10,7,48579eec79784294_4429.jpg
cv2024,training_KID,KID,training,normaleso84.jpg,<CV2024_ROOT>/Dataset/training/Normal/KID/normaleso84.jpg,d13d81fe0f501fe0,e88e0b13010384c0,12,9,fb86bc87d3874cd7_12400.jpg
cv2024,training_KID,KID,training,normaleso85.jpg,<CV2024_ROOT>/Dataset/training/Normal/KID/normaleso85.jpg,95c555475a4b4a6e,f8be7f3f1f0f9efc,10,7,c7084b3556e34619_21400.jpg
cv2024,training_KID,KID,training,normaleso86.jpg,<CV2024_ROOT>/Dataset/training/Normal/KID/normaleso86.jpg,e5c8002707b75f3d,c0860705070f8eec,12,7,131368cc17e44240_30623.jpg
cv2024,training_KID,KID,training,normaleso88.jpg,<CV2024_ROOT>/Dataset/training/Normal/KID/normaleso88.jpg,c48f04d303f04ffe,c4a627070f098ecc,12,5,df6b47bafe5143f5_13214.jpg
cv2024,training_KID,KID,training,normaleso89.jpg,<CV2024_ROOT>/Dataset/training/Normal/KID/normaleso89.jpg,95c4551b5a0e4abf,e4c666373b39befc,10,12,d7a271f233ba4a40_11065.jpg
cv2024,training_KID,KID,training,normaleso9.jpg,<CV2024_ROOT>/Dataset/training/Normal/KID/normaleso9.jpg,c03f00fa07fd1fe0,c0800202010180c0,10,3,fb86bc87d3874cd7_12473.jpg
cv2024,training_KID,KID,training,normaleso90.jpg,<CV2024_ROOT>/Dataset/training/Normal/KID/normaleso90.jpg,c03f10fd0ff01fe0,c4860303630084c0,10,7,04a78ef00c5245e0_48515.jpg
cv2024,training_KID,KID,training,normaleso91.jpg,<CV2024_ROOT>/Dataset/training/Normal/KID/normaleso91.jpg,c46341735b0d1fe6,cc8ea70f0f1796f0,14,9,5e9beaf4e66142c8_41073.jpg
cv2024,training_KID,KID,training,normaleso92.jpg,<CV2024_ROOT>/Dataset/training/Normal/KID/normaleso92.jpg,906fd0ad1ea54ae5,f0b023270f1b9efc,14,11,3ada4222967f421d_2503.jpg
cv2024,training_KID,KID,training,normaleso93.jpg,<CV2024_ROOT>/Dataset/training/Normal/KID/normaleso93.jpg,94b555d25a2a4adb,fc9e377ff9f5bee8,14,11,3ada4222967f421d_2445.jpg
cv2024,training_KID,KID,training,normaleso94.jpg,<CV2024_ROOT>/Dataset/training/Normal/KID/normaleso94.jpg,e468803d1fb15bf1,c4860f0f07038ee8,14,7,04a78ef00c5245e0_21039.jpg
cv2024,training_KID,KID,training,normaleso97.jpg,<CV2024_ROOT>/Dataset/training/Normal/KID/normaleso97.jpg,c06a81ad0fb51fd5,c0820303030392f0,8,7,c7084b3556e34619_29826.jpg
cv2024,training_KID,KID,training,normaleso99.jpg,<CV2024_ROOT>/Dataset/training/Normal/KID/normaleso99.jpg,d5d6002c5abd1b3b,e8a078706863baf8,12,11,4aebc5cb2d4847aa_28551.jpg
cv2024,training_KID,KID,training,polypoid10.jpg,<CV2024_ROOT>/Dataset/training/Polyp/KID/polypoid10.jpg,c49512451e7aefca,f8f0f0f8f0e290f8,16,6,d7a271f233ba4a40_7551.jpg
cv2024,training_KID,KID,training,polypoid11.jpg,<CV2024_ROOT>/Dataset/training/Polyp/KID/polypoid11.jpg,d63e417c17f01ae1,fceeb84c2c0886c0,12,8,3c8d5f0b90d7475d_5065.jpg
cv2024,training_KID,KID,training,polypoid12.jpg,<CV2024_ROOT>/Dataset/training/Polyp/KID/polypoid12.jpg,c13a07f15f814e8f,d09831b33084d2f0,14,12,3ada4222967f421d_5912.jpg
cv2024,training_KID,KID,training,polypoid15.jpg,<CV2024_ROOT>/Dataset/training/Polyp/KID/polypoid15.jpg,d29a4593934f0bcd,f8980d29181982e0,14,12,6cb700585c4f4070_14838.jpg
cv2024,training_KID,KID,training,polypoid16.jpg,<CV2024_ROOT>/Dataset/training/Polyp/KID/polypoid16.jpg,d093252d17966f69,c89090f8b00180c0,14,7,dac1e27f7e4d4ef5_4442.jpg
cv2024,training_KID,KID,training,polypoid17.jpg,<CV2024_ROOT>/Dataset/training/Polyp/KID/polypoid17.jpg,d47841af1b250f9d,cc9601133169e8e0,12,12,5e59c7fdb16c4228_26164.jpg
cv2024,training_KID,KID,training,polypoid18.jpg,<CV2024_ROOT>/Dataset/training/Polyp/KID/polypoid18.jpg,c5c911245a7a1f5f,f0e2138d06068ec8,12,12,04a78ef00c5245e0_15605.jpg
cv2024,training_KID,KID,training,polypoid1~0.jpg,<CV2024_ROOT>/Dataset/training/Polyp/KID/polypoid1~0.jpg,c09f477807621fe6,f0a060f0b08180c4,12,5,df6b47bafe5143f5_3961.jpg
cv2024,training_KID,KID,training,polypoid2.jpg,<CV2024_ROOT>/Dataset/training/Polyp/KID/polypoid2.jpg,c1b116cfc3e11a1f,ccbab9cfc3e3c6e8,14,11,fb86bc87d3874cd7_8785.jpg
cv2024,training_KID,KID,training,polypoid20.jpg,<CV2024_ROOT>/Dataset/training/Polyp/KID/polypoid20.jpg,d06b04b74fa51fc4,cc8c1012181c86e0,12,11,dca1377dec974312_1566.jpg
cv2024,training_KID,KID,training,polypoid22.jpg,<CV2024_ROOT>/Dataset/training/Polyp/KID/polypoid22.jpg,d07816e11f355ae5,84920d2e8bcfcee8,16,11,dc221ccc65d34010_84306.jpg
cv2024,training_KID,KID,training,polypoid23.jpg,<CV2024_ROOT>/Dataset/training/Polyp/KID/polypoid23.jpg,f06100ed130d1fff,c88e0b1b2023a4d8,12,11,3ada4222967f421d_1305.jpg
cv2024,training_KID,KID,training,polypoid24.jpg,<CV2024_ROOT>/Dataset/training/Polyp/KID/polypoid24.jpg,851f51dd5ed84ec0,f8facb64e4629ae0,12,12,dca1377dec974312_14626.jpg
cv2024,training_KID,KID,training,polypoid25.jpg,<CV2024_ROOT>/Dataset/training/Polyp/KID/polypoid25.jpg,d1cc068387dc7e72,e4823110d99392dc,16,11,8885668afb844852_22704.jpg
cv2024,training_KID,KID,training,polypoid26.jpg,<CV2024_ROOT>/Dataset/training/Polyp/KID/polypoid26.jpg,b536d2794af00fe0,fcbe3e5e5e169ec0,14,8,ed02f27ef36f483e_13842.jpg
cv2024,training_KID,KID,training,polypoid27.jpg,<CV2024_ROOT>/Dataset/training/Polyp/KID/polypoid27.jpg,c5c3018c1f3f5a37,c0860307262786d8,12,9,64440803f87b4843_18423.jpg
cv2024,training_KID,KID,training,polypoid28.jpg,<CV2024_ROOT>/Dataset/training/Polyp/KID/polypoid28.jpg,c14913a75bda2e71,d0d2b0b1c0e6ced8,16,9,fb86bc87d3874cd7_7169.jpg
cv2024,training_KID,KID,training,polypoid29.jpg,<CV2024_ROOT>/Dataset/training/Polyp/KID/polypoid29.jpg,9563c1ec52379a8d,cc9a191d3375aef8,14,12,c7084b3556e34619_58690.jpg
cv2024,training_KID,KID,training,polypoid2~0.jpg,<CV2024_ROOT>/Dataset/training/Polyp/KID/polypoid2~0.jpg,c062072f0f9d1fdc,c4869898132faecc,10,10,c7084b3556e34619_29826.jpg
cv2024,training_KID,KID,training,polypoid3.jpg,<CV2024_ROOT>/Dataset/training/Polyp/KID/polypoid3.jpg,957e00894acb5bf5,e4ae34617072f2e0,12,9,5e59c7fdb16c4228_12672.jpg
cv2024,training_KID,KID,training,polypoid30.jpg,<CV2024_ROOT>/Dataset/training/Polyp/KID/polypoid30.jpg,94334b4e93d30de6,e49c9c9c9ce6e2e0,16,8,0728084c8da942d9_5292.jpg
cv2024,training_KID,KID,training,polypoid31.jpg,<CV2024_ROOT>/Dataset/training/Polyp/KID/polypoid31.jpg,953f42d04fa11e3d,f0ba72e2e8f4f6e0,14,9,64440803f87b4843_18511.jpg
cv2024,training_KID,KID,training,polypoid32.jpg,<CV2024_ROOT>/Dataset/training/Polyp/KID/polypoid32.jpg,923f05e817f4da61,dc860d0c090186e0,14,9,7a47e8eacea04e64_63521.jpg
cv2024,training_KID,KID,training,polypoid35.jpg,<CV2024_ROOT>/Dataset/training/Polyp/KID/polypoid35.jpg,840d45725a2f4bfd,f4f6737139a586ec,12,13,d369e4f163df4aba_8201.jpg
cv2024,training_KID,KID,training,polypoid38.jpg,<CV2024_ROOT>/Dataset/training/Polyp/KID/polypoid38.jpg,916e04911a3f0ffd,f084430998d8bcfc,12,11,131368cc17e44240_31393.jpg
cv2024,training_KID,KID,training,polypoid39.jpg,<CV2024_ROOT>/Dataset/training/Polyp/KID/polypoid39.jpg,f0e1950cda0f4aed,fc8e0b0b1933defc,14,13,dac1e27f7e4d4ef5_22600.jpg
cv2024,training_KID,KID,training,polypoid3~0.jpg,<CV2024_ROOT>/Dataset/training/Polyp/KID/polypoid3~0.jpg,a4f0558343076bdf,cca627776767e6e4,12,12,d626f4f4a5ac4785_52263.jpg
cv2024,training_KID,KID,training,polypoid44.jpg,<CV2024_ROOT>/Dataset/training/Polyp/KID/polypoid44.jpg,c91e45781ee15ae5,f0f2f171399b82c0,12,9,8885668afb844852_22718.jpg
cv2024,training_KID,KID,training,polypoid5.jpg,<CV2024_ROOT>/Dataset/training/Polyp/KID/polypoid5.jpg,953fc278dae40be0,f8f67670383a86e0,16,9,64440803f87b4843_19368.jpg
cv2024,training_KID,KID,training,polypoid5~0.jpg,<CV2024_ROOT>/Dataset/training/Polyp/KID/polypoid5~0.jpg,d43343c30bd29f87,c89e3c1cfcf0e0e0,14,9,8ebf0e483cac48d6_13066.jpg
cv2024,training_KID,KID,training,polypoid6.jpg,<CV2024_ROOT>/Dataset/training/Polyp/KID/polypoid6.jpg,b56d56e952454a0f,c496961e9f9fbefc,14,9,3c8d5f0b90d7475d_14464.jpg
cv2024,training_KID,KID,training,polypoid7.jpg,<CV2024_ROOT>/Dataset/training/Polyp/KID/polypoid7.jpg,9d7146845a473ad7,cc963a393133ecf8,16,11,5e59c7fdb16c4228_26127.jpg
cv2024,training_KID,KID,training,polypoid8.jpg,<CV2024_ROOT>/Dataset/training/Polyp/KID/polypoid8.jpg,c068112d1f357f37,c0828363438786cc,14,6,131368cc17e44240_30738.jpg
cv2024,training_KID,KID,training,polypoid9.jpg,<CV2024_ROOT>/Dataset/training/Polyp/KID/polypoid9.jpg,d178162b6f654e64,d8b8b092d1f1fcf8,16,11,64440803f87b4843_18323.jpg
cv2024,validation_KID,KID,validation,angioectasia-P0-3.jpg,<CV2024_ROOT>/Dataset/validation/Angioectasia/KID/angioectasia-P0-3.jpg,c46e11b907742fe5,e0e065e4e87086e4,8,10,495f16498db34d3c_10818.jpg
cv2024,validation_KID,KID,validation,angioectasia-P0-4.jpg,<CV2024_ROOT>/Dataset/validation/Angioectasia/KID/angioectasia-P0-4.jpg,841753fa4bd04f87,ccce6727672786c4,14,9,c11b28a8b2344716_46487.jpg
cv2024,validation_KID,KID,validation,angioectasia-P0-6.jpg,<CV2024_ROOT>/Dataset/validation/Angioectasia/KID/angioectasia-P0-6.jpg,85da54a04b6f4ed9,c49c3347dbb786d4,12,13,64440803f87b4843_17820.jpg
cv2024,validation_KID,KID,validation,angioectasia-P1-4.jpg,<CV2024_ROOT>/Dataset/validation/Angioectasia/KID/angioectasia-P1-4.jpg,853e55694ef43a83,f0f8e8ecd1d3cec8,14,9,0728084c8da942d9_5269.jpg
cv2024,validation_KID,KID,validation,angioectasia-P1-5.jpg,<CV2024_ROOT>/Dataset/validation/Angioectasia/KID/angioectasia-P1-5.jpg,91ce27b14e3f1b90,e0e0e0f098989c9c,16,8,0531325b64674948_10219.jpg
cv2024,validation_KID,KID,validation,angioectasia-P1-6.jpg,<CV2024_ROOT>/Dataset/validation/Angioectasia/KID/angioectasia-P1-6.jpg,902b47dc16b36f1c,c8d2d3d8b0f0f8e8,14,10,3ada4222967f421d_2502.jpg
cv2024,validation_KID,KID,validation,angioectasia-P1-7.jpg,<CV2024_ROOT>/Dataset/validation/Angioectasia/KID/angioectasia-P1-7.jpg,916e47995ea16ab4,f0e4cdb0b0dbdaec,12,11,3ada4222967f421d_2748.jpg
cv2024,validation_KID,KID,validation,angioectasia-P2-1.jpg,<CV2024_ROOT>/Dataset/validation/Angioectasia/KID/angioectasia-P2-1.jpg,80e757c44e3e0e37,cc8e7e73f3b39cc8,14,9,39960e5e099a45ca_13435.jpg
cv2024,validation_KID,KID,validation,angioectasia-P2-9.jpg,<CV2024_ROOT>/Dataset/validation/Angioectasia/KID/angioectasia-P2-9.jpg,b5d854295a356b65,f8bc975d4f0f8ec4,14,11,8885668afb844852_20781.jpg
cv2024,validation_KID,KID,validation,bleeding2.jpg,<CV2024_ROOT>/Dataset/validation/Bleeding/KID/bleeding2.jpg,a53d54d34a589f62,f0a627078f6386c0,16,11,64440803f87b4843_18794.jpg
cv2024,validation_KID,KID,validation,bleeding3.jpg,<CV2024_ROOT>/Dataset/validation/Bleeding/KID/bleeding3.jpg,cf2f01c54a7a6770,c0b22b333343b0d0,16,13,8ebf0e483cac48d6_7364.jpg
cv2024,validation_KID,KID,validation,lymphangiectasia3.jpg,<CV2024_ROOT>/Dataset/validation/Lymphangiectasia/KID/lymphangiectasia3.jpg,c2c3c3af0b3c1f38,c8c4830d233f8cd8,16,12,131368cc17e44240_31588.jpg
cv2024,validation_KID,KID,validation,lymphangiectasia4.jpg,<CV2024_ROOT>/Dataset/validation/Lymphangiectasia/KID/lymphangiectasia4.jpg,86ce4cc74e89db19,e0e63e646cc8dcf8,16,9,5bb1d3cc7dc64cec_13810.jpg
cv2024,validation_KID,KID,validation,lymphangiectasia9.jpg,<CV2024_ROOT>/Dataset/validation/Lymphangiectasia/KID/lymphangiectasia9.jpg,913f546c4fd01f92,fc9c189b530380c0,14,11,fc32def0e7194981_58498.jpg
cv2024,validation_KID,KID,validation,normalcolon1.jpg,<CV2024_ROOT>/Dataset/validation/Normal/KID/normalcolon1.jpg,959651b94a5a4f69,f8bc7d74db3a9ae0,14,11,bca26705313a4644_46196.jpg
cv2024,validation_KID,KID,validation,normalcolon10.jpg,<CV2024_ROOT>/Dataset/validation/Normal/KID/normalcolon10.jpg,d4c0118f1e9f6a5e,f894860727a7fefc,14,12,dac1e27f7e4d4ef5_5021.jpg
cv2024,validation_KID,KID,validation,normalcolon104.jpg,<CV2024_ROOT>/Dataset/validation/Normal/KID/normalcolon104.jpg,c17701e00f1e4f7e,c08a2161018284e0,12,10,39960e5e099a45ca_23853.jpg
cv2024,validation_KID,KID,validation,normalcolon106.jpg,<CV2024_ROOT>/Dataset/validation/Normal/KID/normalcolon106.jpg,c4cc13331ec13f37,e0e4c0e0e0c0c0c0,14,3,48579eec79784294_5898.jpg
cv2024,validation_KID,KID,validation,normalcolon108.jpg,<CV2024_ROOT>/Dataset/validation/Normal/KID/normalcolon108.jpg,c4da11b907672f4d,f0b0e1e4a63686c0,10,10,d369e4f163df4aba_14267.jpg
cv2024,validation_KID,KID,validation,normalcolon115.jpg,<CV2024_ROOT>/Dataset/validation/Normal/KID/normalcolon115.jpg,d57150c01f2d3b1f,d89051737270f4f8,14,10,131368cc17e44240_30504.jpg
cv2024,validation_KID,KID,validation,normalcolon117.jpg,<CV2024_ROOT>/Dataset/validation/Normal/KID/normalcolon117.jpg,d12f12734f304fb2,d896b23323929ef8,16,10,04a78ef00c5245e0_48791.jpg
cv2024,validation_KID,KID,validation,normalcolon119.jpg,<CV2024_ROOT>/Dataset/validation/Normal/KID/normalcolon119.jpg,c56b11350ba51b77,c88e2363612286f8,12,11,7ad22d50ebaf4596_27610.jpg
cv2024,validation_KID,KID,validation,normalcolon120.jpg,<CV2024_ROOT>/Dataset/validation/Normal/KID/normalcolon120.jpg,c5f204334fb30f1d,c8862371333396e4,14,12,131368cc17e44240_30623.jpg
cv2024,validation_KID,KID,validation,normalcolon121.jpg,<CV2024_ROOT>/Dataset/validation/Normal/KID/normalcolon121.jpg,c53e423d4e730fe0,e896327871328ee0,14,13,d369e4f163df4aba_9707.jpg
cv2024,validation_KID,KID,validation,normalcolon125.jpg,<CV2024_ROOT>/Dataset/validation/Normal/KID/normalcolon125.jpg,8e34516b1bcc2f99,d8a86c747161f0f8,16,10,89cdd41258c542c5_3769.jpg
cv2024,validation_KID,KID,validation,normalcolon128.jpg,<CV2024_ROOT>/Dataset/validation/Normal/KID/normalcolon128.jpg,c4c404874f8f4fcf,e0822160709196e0,12,11,dc221ccc65d34010_49285.jpg
cv2024,validation_KID,KID,validation,normalcolon13.jpg,<CV2024_ROOT>/Dataset/validation/Normal/KID/normalcolon13.jpg,c03b0dc81eb1cf6d,d898ccdce8c192c4,16,8,dc221ccc65d34010_84126.jpg
cv2024,validation_KID,KID,validation,normalcolon132.jpg,<CV2024_ROOT>/Dataset/validation/Normal/KID/normalcolon132.jpg,8594575a5b785a78,f8cef3f1f1b8d6e8,12,11,c7084b3556e34619_69133.jpg
cv2024,validation_KID,KID,validation,normalcolon133.jpg,<CV2024_ROOT>/Dataset/validation/Normal/KID/normalcolon133.jpg,9462453f4f932ed8,e8e4f0f8f878f8e0,14,6,df6b47bafe5143f5_3945.jpg
cv2024,validation_KID,KID,validation,normalcolon138.jpg,<CV2024_ROOT>/Dataset/validation/Normal/KID/normalcolon138.jpg,e33114741a6a5fea,9c9e5b0b0d0686e0,14,8,48579eec79784294_13441.jpg
cv2024,validation_KID,KID,validation,normalcolon146.jpg,<CV2024_ROOT>/Dataset/validation/Normal/KID/normalcolon146.jpg,867155a71aec0bd5,e0f272f9f9e1e0e0,16,9,131368cc17e44240_3261.jpg
cv2024,validation_KID,KID,validation,normalcolon149.jpg,<CV2024_ROOT>/Dataset/validation/Normal/KID/normalcolon149.jpg,c1f701e10f1c3fa6,c8880420018382c0,14,7,c11b28a8b2344716_46449.jpg
cv2024,validation_KID,KID,validation,normalcolon15.jpg,<CV2024_ROOT>/Dataset/validation/Normal/KID/normalcolon15.jpg,814e51af47959ae9,e4b2f1f0f37192dc,14,8,bca26705313a4644_46194.jpg
cv2024,validation_KID,KID,validation,normalcolon152.jpg,<CV2024_ROOT>/Dataset/validation/Normal/KID/normalcolon152.jpg,d52e42691fb45e25,e892647ef2299ae8,16,13,8885668afb844852_8105.jpg
cv2024,validation_KID,KID,validation,normalcolon153.jpg,<CV2024_ROOT>/Dataset/validation/Normal/KID/normalcolon153.jpg,81c9141f1ee74bb3,e896c3c3791b8eec,12,12,131368cc17e44240_31549.jpg
cv2024,validation_KID,KID,validation,normalcolon154.jpg,<CV2024_ROOT>/Dataset/validation/Normal/KID/normalcolon154.jpg,859d525b0ee07f86,f0f6e6e66632c4e0,16,12,7ad22d50ebaf4596_22851.jpg
cv2024,validation_KID,KID,validation,normalcolon157.jpg,<CV2024_ROOT>/Dataset/validation/Normal/KID/normalcolon157.jpg,803f55fc0b601fe3,f8def2f1f13090e0,12,8,fb86bc87d3874cd7_12400.jpg
cv2024,validation_KID,KID,validation,normalcolon158.jpg,<CV2024_ROOT>/Dataset/validation/Normal/KID/normalcolon158.jpg,c01f87781e715e65,f8e283b0b0918ecc,14,11,bc84479c66fe4da6_24539.jpg
cv2024,validation_KID,KID,validation,normalcolon159.jpg,<CV2024_ROOT>/Dataset/validation/Normal/KID/normalcolon159.jpg,949d518686c72be7,f4b05af4f46cccf8,14,11,8885668afb844852_20755.jpg
cv2024,validation_KID,KID,validation,normalcolon162.jpg,<CV2024_ROOT>/Dataset/validation/Normal/KID/normalcolon162.jpg,d5d202cd1a4e4f9e,e0d8f0f8f0f2f2f8,14,6,131368cc17e44240_31633.jpg
cv2024,validation_KID,KID,validation,normalcolon163.jpg,<CV2024_ROOT>/Dataset/validation/Normal/KID/normalcolon163.jpg,959a502d1fe74a4e,f8bce17b739be6f4,14,11,131368cc17e44240_31396.jpg
cv2024,validation_KID,KID,validation,normalcolon165.jpg,<CV2024_ROOT>/Dataset/validation/Normal/KID/normalcolon165.jpg,c193001e0f7a1ffb,c88c0341612386c0,12,9,af9bd7d0e43741e3_30215.jpg
cv2024,validation_KID,KID,validation,normalcolon18.jpg,<CV2024_ROOT>/Dataset/validation/Normal/KID/normalcolon18.jpg,c56817c91ecd5aa5,e086c2e1e0f0e2ec,12,7,0531325b64674948_3552.jpg
cv2024,validation_KID,KID,validation,normalcolon19.jpg,<CV2024_ROOT>/Dataset/validation/Normal/KID/normalcolon19.jpg,c03c07e64ff13fc0,e4b0988080c1c0c0,16,6,dc221ccc65d34010_84221.jpg
cv2024,validation_KID,KID,validation,normalcolon27.jpg,<CV2024_ROOT>/Dataset/validation/Normal/KID/normalcolon27.jpg,c13e46b11b623f99,ecce09713a8ac0e0,14,13,8885668afb844852_15867.jpg
cv2024,validation_KID,KID,validation,normalcolon28.jpg,<CV2024_ROOT>/Dataset/validation/Normal/KID/normalcolon28.jpg,96c341cb92b46f4b,c8c6479c6d63bee0,14,14,5e59c7fdb16c4228_26159.jpg
cv2024,validation_KID,KID,validation,normalcolon38.jpg,<CV2024_ROOT>/Dataset/validation/Normal/KID/normalcolon38.jpg,866936ce59a69b61,e0a450e8d060ecec,16,9,04a78ef00c5245e0_11605.jpg
cv2024,validation_KID,KID,validation,normalcolon39.jpg,<CV2024_ROOT>/Dataset/validation/Normal/KID/normalcolon39.jpg,957241864aad5fa7,cc9e2b376d6db6e0,10,9,5e59c7fdb16c4228_45252.jpg
cv2024,validation_KID,KID,validation,normalcolon42.jpg,<CV2024_ROOT>/Dataset/validation/Normal/KID/normalcolon42.jpg,d12c00fe1bb07f72,f4863339791294d8,16,14,5bb1d3cc7dc64cec_7563.jpg
cv2024,validation_KID,KID,validation,normalcolon45.jpg,<CV2024_ROOT>/Dataset/validation/Normal/KID/normalcolon45.jpg,819a57d75ac80f93,c8ccf1b1e8c286c8,14,10,d7a271f233ba4a40_11026.jpg
cv2024,validation_KID,KID,validation,normalcolon47.jpg,<CV2024_ROOT>/Dataset/validation/Normal/KID/normalcolon47.jpg,84c4451b5a3f7b27,e4e6e6f7fd7a9eec,12,10,3c8d5f0b90d7475d_10946.jpg
cv2024,validation_KID,KID,validation,normalcolon59.jpg,<CV2024_ROOT>/Dataset/validation/Normal/KID/normalcolon59.jpg,94b54b684a4b7bf0,fcbe7c7cfcbcdcf8,18,6,ed02f27ef36f483e_58605.jpg
cv2024,validation_KID,KID,validation,normalcolon60.jpg,<CV2024_ROOT>/Dataset/validation/Normal/KID/normalcolon60.jpg,c49f11171e700fee,f8ba6320204080c0,12,9,fb86bc87d3874cd7_13414.jpg
cv2024,validation_KID,KID,validation,normalcolon62.jpg,<CV2024_ROOT>/Dataset/validation/Normal/KID/normalcolon62.jpg,91c944034b2d7bdf,f8b838f8f878bcf8,12,7,131368cc17e44240_31476.jpg
cv2024,validation_KID,KID,validation,normalcolon64.jpg,<CV2024_ROOT>/Dataset/validation/Normal/KID/normalcolon64.jpg,86b151ce4a39cece,e88e2fb76565c6c8,10,13,5e59c7fdb16c4228_15495.jpg
cv2024,validation_KID,KID,validation,normalcolon75.jpg,<CV2024_ROOT>/Dataset/validation/Normal/KID/normalcolon75.jpg,853354754ed82e6b,ccd479e26333b2e0,14,13,131368cc17e44240_4413.jpg
cv2024,validation_KID,KID,validation,normalcolon77.jpg,<CV2024_ROOT>/Dataset/validation/Normal/KID/normalcolon77.jpg,817e55615aa74a57,ec963f7bd397c6ec,10,13,0531325b64674948_3547.jpg
cv2024,validation_KID,KID,validation,normalcolon78.jpg,<CV2024_ROOT>/Dataset/validation/Normal/KID/normalcolon78.jpg,913b41631b656f93,d898383939379ef8,14,11,131368cc17e44240_30587.jpg
cv2024,validation_KID,KID,validation,normalcolon80.jpg,<CV2024_ROOT>/Dataset/validation/Normal/KID/normalcolon80.jpg,c1d906dd0b8b1e9e,f090a27373b2c4cc,14,12,dac1e27f7e4d4ef5_4411.jpg
cv2024,validation_KID,KID,validation,normalcolon82.jpg,<CV2024_ROOT>/Dataset/validation/Normal/KID/normalcolon82.jpg,d4fc40800a8f1fff,f0bc7470f0f086e8,12,8,8885668afb844852_35605.jpg
cv2024,validation_KID,KID,validation,normalcolon86.jpg,<CV2024_ROOT>/Dataset/validation/Normal/KID/normalcolon86.jpg,947a40255b655bf5,cc9c7970706be6e8,14,12,c7084b3556e34619_69187.jpg
cv2024,validation_KID,KID,validation,normalcolon89.jpg,<CV2024_ROOT>/Dataset/validation/Normal/KID/normalcolon89.jpg,943b40e45b5e4ee3,ccbe29303327a6c0,12,10,0531325b64674948_8613.jpg
cv2024,validation_KID,KID,validation,normalcolon90.jpg,<CV2024_ROOT>/Dataset/validation/Normal/KID/normalcolon90.jpg,c13e04d50e705f7d,ec8c3911714382c0,12,12,5bb1d3cc7dc64cec_7566.jpg
cv2024,validation_KID,KID,validation,normalcolon91.jpg,<CV2024_ROOT>/Dataset/validation/Normal/KID/normalcolon91.jpg,c33f54c90bf05a33,d8e0605b5b9382e8,14,11,8a00709108cd4e2b_8783.jpg
cv2024,validation_KID,KID,validation,normalcolon95.jpg,<CV2024_ROOT>/Dataset/validation/Normal/KID/normalcolon95.jpg,c43f46e30a505ff8,e8ee3ebf97c386e0,16,13,7ad22d50ebaf4596_33600.jpg
cv2024,validation_KID,KID,validation,normaleso101.jpg,<CV2024_ROOT>/Dataset/validation/Normal/KID/normaleso101.jpg,8496d5574e4f4a4e,e88e0f0f070b8ecc,12,6,8885668afb844852_17573.jpg
cv2024,validation_KID,KID,validation,normaleso105.jpg,<CV2024_ROOT>/Dataset/validation/Normal/KID/normaleso105.jpg,c41d05fc43e61f72,f4961307032586c0,12,8,48579eec79784294_5117.jpg
cv2024,validation_KID,KID,validation,normaleso109.jpg,<CV2024_ROOT>/Dataset/validation/Normal/KID/normaleso109.jpg,c4e306bc1bc74e5c,cccec3471627ccec,16,11,af9bd7d0e43741e3_30209.jpg
cv2024,validation_KID,KID,validation,normaleso115.jpg,<CV2024_ROOT>/Dataset/validation/Normal/KID/normaleso115.jpg,c03b90e90fe11fe5,c88e0707030384ec,12,7,04a78ef00c5245e0_48640.jpg
cv2024,validation_KID,KID,validation,normaleso116.jpg,<CV2024_ROOT>/Dataset/validation/Normal/KID/normaleso116.jpg,9494511342df4bfb,dcbe33232d3bbecc,10,11,fb86bc87d3874cd7_10577.jpg
cv2024,validation_KID,KID,validation,normaleso117.jpg,<CV2024_ROOT>/Dataset/validation/Normal/KID/normaleso117.jpg,959755435ada1a1e,cc8e6f1d576b96f8,12,11,c11b28a8b2344716_76294.jpg
cv2024,validation_KID,KID,validation,normaleso123.jpg,<CV2024_ROOT>/Dataset/validation/Normal/KID/normaleso123.jpg,c4b2013d0fde1f27,c88e0f21070786c0,12,10,df6b47bafe5143f5_2742.jpg
cv2024,validation_KID,KID,validation,normaleso124.jpg,<CV2024_ROOT>/Dataset/validation/Normal/KID/normaleso124.jpg,d4c000870fdf1f3f,c086030303038ec8,10,7,c7084b3556e34619_21360.jpg
cv2024,validation_KID,KID,validation,normaleso127.jpg,<CV2024_ROOT>/Dataset/validation/Normal/KID/normaleso127.jpg,913b54bc5af34ac4,fc9e5b1b33379efc,10,11,fb86bc87d3874cd7_13295.jpg
cv2024,validation_KID,KID,validation,normaleso132.jpg,<CV2024_ROOT>/Dataset/validation/Normal/KID/normaleso132.jpg,f07100190fbf1f1f,c0820100100180c0,12,3,131368cc17e44240_31533.jpg
cv2024,validation_KID,KID,validation,normaleso135.jpg,<CV2024_ROOT>/Dataset/validation/Normal/KID/normaleso135.jpg,94c657734e4b0e2d,ecbc373f3f1f9ef8,14,9,8885668afb844852_8097.jpg
cv2024,validation_KID,KID,validation,normaleso139.jpg,<CV2024_ROOT>/Dataset/validation/Normal/KID/normaleso139.jpg,953541991a764ff8,f8964c4c8c6acae0,12,12,fb86bc87d3874cd7_25381.jpg
cv2024,validation_KID,KID,validation,normaleso14.jpg,<CV2024_ROOT>/Dataset/validation/Normal/KID/normaleso14.jpg,d31f40641bf80fd3,d4dc491c0e0e8ac8,14,10,bc84479c66fe4da6_63091.jpg
cv2024,validation_KID,KID,validation,normaleso140.jpg,<CV2024_ROOT>/Dataset/validation/Normal/KID/normaleso140.jpg,91e5441f1eb34bcc,e090d81838589cf0,12,10,131368cc17e44240_31441.jpg
cv2024,validation_KID,KID,validation,normaleso142.jpg,<CV2024_ROOT>/Dataset/validation/Normal/KID/normaleso142.jpg,952754fe1bc04e93,e4ceefff7f7f9cf8,12,10,131368cc17e44240_31326.jpg
cv2024,validation_KID,KID,validation,normaleso144.jpg,<CV2024_ROOT>/Dataset/validation/Normal/KID/normaleso144.jpg,846753931be46e1e,c8ce66e6e8cc94f8,16,10,64440803f87b4843_18658.jpg
cv2024,validation_KID,KID,validation,normaleso146.jpg,<CV2024_ROOT>/Dataset/validation/Normal/KID/normaleso146.jpg,84c155074e5f4b7e,e096b7e5cf4faef0,10,13,fb86bc87d3874cd7_30641.jpg
cv2024,validation_KID,KID,validation,normaleso147.jpg,<CV2024_ROOT>/Dataset/validation/Normal/KID/normaleso147.jpg,95ce45865a9d1a1f,e4ee3f3f7fffdef8,12,9,d7a271f233ba4a40_29889.jpg
cv2024,validation_KID,KID,validation,normaleso150.jpg,<CV2024_ROOT>/Dataset/validation/Normal/KID/normaleso150.jpg,91cb43360ef53a8d,f89092163f1e9ef8,16,11,3ada4222967f421d_2748.jpg
cv2024,validation_KID,KID,validation,normaleso155.jpg,<CV2024_ROOT>/Dataset/validation/Normal/KID/normaleso155.jpg,e4c8158b072d4edf,c0820307070f8eec,12,7,dc221ccc65d34010_48983.jpg
cv2024,validation_KID,KID,validation,normaleso157.jpg,<CV2024_ROOT>/Dataset/validation/Normal/KID/normaleso157.jpg,c0c700c70fcf3f0f,c0800000000080c0,12,0,fb86bc87d3874cd7_13441.jpg
cv2024,validation_KID,KID,validation,normaleso159.jpg,<CV2024_ROOT>/Dataset/validation/Normal/KID/normaleso159.jpg,c486057e5b7b4e1a,e0e6270b1b078ecc,14,8,07c1fa15a20a4398_4941.jpg
cv2024,validation_KID,KID,validation,normaleso16.jpg,<CV2024_ROOT>/Dataset/validation/Normal/KID/normaleso16.jpg,917845e95eb50ab5,c89e1f3f5f1b9eec,12,7,5e59c7fdb16c4228_7933.jpg
cv2024,validation_KID,KID,validation,normaleso162.jpg,<CV2024_ROOT>/Dataset/validation/Normal/KID/normaleso162.jpg,e0c4011f071b5f7f,c48607070f1f8ecc,8,4,af9bd7d0e43741e3_29567.jpg
cv2024,validation_KID,KID,validation,normaleso163.jpg,<CV2024_ROOT>/Dataset/validation/Normal/KID/normaleso163.jpg,959144d34ece1b6b,c49e1b37171b86c4,10,8,7a47e8eacea04e64_63589.jpg
cv2024,validation_KID,KID,validation,normaleso164.jpg,<CV2024_ROOT>/Dataset/validation/Normal/KID/normaleso164.jpg,d4cb41850f969f9a,c08e1c0c2c2e8cc8,14,8,8885668afb844852_35606.jpg
cv2024,validation_KID,KID,validation,normaleso165.jpg,<CV2024_ROOT>/Dataset/validation/Normal/KID/normaleso165.jpg,d6d700c4078f1f9e,c08e2929262784c8,10,12,89cdd41258c542c5_9814.jpg
cv2024,validation_KID,KID,validation,normaleso167.jpg,<CV2024_ROOT>/Dataset/validation/Normal/KID/normaleso167.jpg,d43d00fd0bf85fc0,fc8e0331183080c0,12,11,fb86bc87d3874cd7_12400.jpg
cv2024,validation_KID,KID,validation,normaleso169.jpg,<CV2024_ROOT>/Dataset/validation/Normal/KID/normaleso169.jpg,9585553f4a7a4af0,ecbe3f7f7f3f9ecc,10,6,4560e83f9afc4685_7086.jpg
cv2024,validation_KID,KID,validation,normaleso17.jpg,<CV2024_ROOT>/Dataset/validation/Normal/KID/normaleso17.jpg,c059052b1ec51ffd,c88e1b01030386c4,12,6,fb86bc87d3874cd7_30439.jpg
cv2024,validation_KID,KID,validation,normaleso170.jpg,<CV2024_ROOT>/Dataset/validation/Normal/KID/normaleso170.jpg,954a552f4a354af5,f8ba7ffd3f3fbefc,12,7,3ada4222967f421d_1522.jpg
cv2024,validation_KID,KID,validation,normaleso172.jpg,<CV2024_ROOT>/Dataset/validation/Normal/KID/normaleso172.jpg,a5c7143b424f4b3d,cc9e63c7032bbecc,10,12,07c1fa15a20a4398_5004.jpg
cv2024,validation_KID,KID,validation,normaleso173.jpg,<CV2024_ROOT>/Dataset/validation/Normal/KID/normaleso173.jpg,b13751681bda7e22,dcde1f3f0f37b2f0,16,9,0531325b64674948_10092.jpg
cv2024,validation_KID,KID,validation,normaleso178.jpg,<CV2024_ROOT>/Dataset/validation/Normal/KID/normaleso178.jpg,c0f100070f1f7f7e,c0800001000080c0,12,1,131368cc17e44240_30452.jpg
cv2024,validation_KID,KID,validation,normaleso179.jpg,<CV2024_ROOT>/Dataset/validation/Normal/KID/normaleso179.jpg,c07e00a50ff51ff4,c0860703030386c0,12,6,dca1377dec974312_3811.jpg
cv2024,validation_KID,KID,validation,normaleso186.jpg,<CV2024_ROOT>/Dataset/validation/Normal/KID/normaleso186.jpg,c43f05c44ee55aa7,cc8e0f0f0d0786e4,14,7,64440803f87b4843_18848.jpg
cv2024,validation_KID,KID,validation,normaleso19.jpg,<CV2024_ROOT>/Dataset/validation/Normal/KID/normaleso19.jpg,953c55fc5af44ac0,fcbe1f7f3f3f9ed8,10,6,b2134f4a6f864613_14388.jpg
cv2024,validation_KID,KID,validation,normaleso195.jpg,<CV2024_ROOT>/Dataset/validation/Normal/KID/normaleso195.jpg,959555574a5b4a5a,cc9e3f3f3b3f9ecc,10,6,48579eec79784294_18286.jpg
cv2024,validation_KID,KID,validation,normaleso197.jpg,<CV2024_ROOT>/Dataset/validation/Normal/KID/normaleso197.jpg,d78741750fca1f0a,ccce692c3c0c84c8,14,10,dca1377dec974312_7955.jpg
cv2024,validation_KID,KID,validation,normaleso201.jpg,<CV2024_ROOT>/Dataset/validation/Normal/KID/normaleso201.jpg,c56b026c0fb51f95,c084002202068ce0,14,8,3ada4222967f421d_10856.jpg
cv2024,validation_KID,KID,validation,normaleso204.jpg,<CV2024_ROOT>/Dataset/validation/Normal/KID/normaleso204.jpg,947fd5a85a854a17,fc9e3f2f2fbb9efc,12,9,39960e5e099a45ca_23845.jpg
cv2024,validation_KID,KID,validation,normaleso212.jpg,<CV2024_ROOT>/Dataset/validation/Normal/KID/normaleso212.jpg,8139d57b0a315f35,c8863733070f8ec0,16,9,04a78ef00c5245e0_48483.jpg
cv2024,validation_KID,KID,validation,normaleso215.jpg,<CV2024_ROOT>/Dataset/validation/Normal/KID/normaleso215.jpg,956dd4714ac15b2d,fcb6372f3f3cbafc,14,9,bca26705313a4644_9942.jpg
cv2024,validation_KID,KID,validation,normaleso217.jpg,<CV2024_ROOT>/Dataset/validation/Normal/KID/normaleso217.jpg,c46100b9473f1f3f,c08203010033b0e4,10,8,df6b47bafe5143f5_3999.jpg
cv2024,validation_KID,KID,validation,normaleso219.jpg,<CV2024_ROOT>/Dataset/validation/Normal/KID/normaleso219.jpg,d56f80e643b44fd0,cc960f0f0d0f9edc,14,6,04a78ef00c5245e0_48792.jpg
cv2024,validation_KID,KID,validation,normaleso223.jpg,<CV2024_ROOT>/Dataset/validation/Normal/KID/normaleso223.jpg,b53f50d21bc05acb,fc3e3f1f4f0f86c0,12,7,89cdd41258c542c5_4210.jpg
cv2024,validation_KID,KID,validation,normaleso224.jpg,<CV2024_ROOT>/Dataset/validation/Normal/KID/normaleso224.jpg,c572008307ff1fc7,c0820101434382e0,12,7,5bb1d3cc7dc64cec_16610.jpg
cv2024,validation_KID,KID,validation,normaleso225.jpg,<CV2024_ROOT>/Dataset/validation/Normal/KID/normaleso225.jpg,95d1500b4a374f3f,d8be3a7a7bfebeec,10,8,131368cc17e44240_3244.jpg
cv2024,validation_KID,KID,validation,normaleso228.jpg,<CV2024_ROOT>/Dataset/validation/Normal/KID/normaleso228.jpg,943f55f45ed00b62,fcbe3f3d2f0394f0,12,12,89cdd41258c542c5_13132.jpg
cv2024,validation_KID,KID,validation,normaleso231.jpg,<CV2024_ROOT>/Dataset/validation/Normal/KID/normaleso231.jpg,8163112d5ae74ebd,c89e0b4533e7def8,14,14,dc221ccc65d34010_84119.jpg
cv2024,validation_KID,KID,validation,normaleso232.jpg,<CV2024_ROOT>/Dataset/validation/Normal/KID/normaleso232.jpg,c0c3010b1fd70fdf,c0802001012386c0,10,6,fb86bc87d3874cd7_7157.jpg
cv2024,validation_KID,KID,validation,normaleso235.jpg,<CV2024_ROOT>/Dataset/validation/Normal/KID/normaleso235.jpg,b57243af12930b3d,cc8e1f1d2f278ee4,12,7,b2134f4a6f864613_16018.jpg
cv2024,validation_KID,KID,validation,normaleso238.jpg,<CV2024_ROOT>/Dataset/validation/Normal/KID/normaleso238.jpg,d09545d613794e9b,cc8e1b1f0d2582c0,10,7,0531325b64674948_234.jpg
cv2024,validation_KID,KID,validation,normaleso242.jpg,<CV2024_ROOT>/Dataset/validation/Normal/KID/normaleso242.jpg,c02b15d15eb75a8e,c8c62f8f8791c4ec,12,11,dc221ccc65d34010_48930.jpg
cv2024,validation_KID,KID,validation,normaleso246.jpg,<CV2024_ROOT>/Dataset/validation/Normal/KID/normaleso246.jpg,816e40f91bb51fa5,c0862f1f5b2b9ef8,12,10,fe5d372e43f94f68_2336.jpg
cv2024,validation_KID,KID,validation,normaleso247.jpg,<CV2024_ROOT>/Dataset/validation/Normal/KID/normaleso247.jpg,91cc15074ecf1a77,e0a213574d1b9ef8,12,14,bca26705313a4644_23219.jpg
cv2024,validation_KID,KID,validation,normaleso249.jpg,<CV2024_ROOT>/Dataset/validation/Normal/KID/normaleso249.jpg,95c157935a0f4a4f,f89a7ffffffffefc,10,6,d7a271f233ba4a40_11065.jpg
cv2024,validation_KID,KID,validation,normaleso255.jpg,<CV2024_ROOT>/Dataset/validation/Normal/KID/normaleso255.jpg,c53f00ec1bf01fd8,c4a6330b332286c0,12,9,ed02f27ef36f483e_58588.jpg
cv2024,validation_KID,KID,validation,normaleso26.jpg,<CV2024_ROOT>/Dataset/validation/Normal/KID/normaleso26.jpg,d47b01181bf05b3f,c8860f0f232786e0,12,9,89cdd41258c542c5_3736.jpg
cv2024,validation_KID,KID,validation,normaleso261.jpg,<CV2024_ROOT>/Dataset/validation/Normal/KID/normaleso261.jpg,9599461f0ed24b3e,ec8e1f1e3e1f8ec4,14,5,3c8d5f0b90d7475d_4978.jpg
cv2024,validation_KID,KID,validation,normaleso263.jpg,<CV2024_ROOT>/Dataset/validation/Normal/KID/normaleso263.jpg,c03f00fd0ff01ff0,c0860303010386c0,10,6,fb86bc87d3874cd7_12400.jpg
cv2024,validation_KID,KID,validation,normaleso266.jpg,<CV2024_ROOT>/Dataset/validation/Normal/KID/normaleso266.jpg,919555d35a4f4a5a,dc963b1d1b1b9eec,10,11,64440803f87b4843_7305.jpg
cv2024,validation_KID,KID,validation,normaleso267.jpg,<CV2024_ROOT>/Dataset/validation/Normal/KID/normaleso267.jpg,d1e34023434f3fcd,c8981c1b1e1fb2f0,10,10,bc84479c66fe4da6_24294.jpg
cv2024,validation_KID,KID,validation,normaleso269.jpg,<CV2024_ROOT>/Dataset/validation/Normal/KID/normaleso269.jpg,9595555a5a9a4a9b,f8fefefc5d1f9ecc,12,7,c7084b3556e34619_21411.jpg
cv2024,validation_KID,KID,validation,normaleso278.jpg,<CV2024_ROOT>/Dataset/validation/Normal/KID/normaleso278.jpg,c43b80bf07f01fe1,c0820307072786e4,8,7,fb86bc87d3874cd7_12400.jpg
cv2024,validation_KID,KID,validation,normaleso279.jpg,<CV2024_ROOT>/Dataset/validation/Normal/KID/normaleso279.jpg,94db452e13788f66,f0f2b0180c3696cc,14,10,8885668afb844852_8106.jpg
cv2024,validation_KID,KID,validation,normaleso281.jpg,<CV2024_ROOT>/Dataset/validation/Normal/KID/normaleso281.jpg,954b56625aa74a57,f8fefefffffefef8,12,2,fb86bc87d3874cd7_13365.jpg
cv2024,validation_KID,KID,validation,normaleso3.jpg,<CV2024_ROOT>/Dataset/validation/Normal/KID/normaleso3.jpg,c06e448c1bad2fb7,e08606d9c9f592f8,12,13,3ada4222967f421d_1305.jpg
cv2024,validation_KID,KID,validation,normaleso33.jpg,<CV2024_ROOT>/Dataset/validation/Normal/KID/normaleso33.jpg,c09541761fca1f7a,f8fcf87a1c0180c0,10,7,04a78ef00c5245e0_12899.jpg
cv2024,validation_KID,KID,validation,normaleso37.jpg,<CV2024_ROOT>/Dataset/validation/Normal/KID/normaleso37.jpg,c49d41c05bdb0f9b,f0a6376929278ac8,10,14,0531325b64674948_240.jpg
cv2024,validation_KID,KID,validation,normaleso41.jpg,<CV2024_ROOT>/Dataset/validation/Normal/KID/normaleso41.jpg,95ce406d5b780f36,e0ae2f1f1f179edc,12,7,c7084b3556e34619_58634.jpg
cv2024,validation_KID,KID,validation,normaleso49.jpg,<CV2024_ROOT>/Dataset/validation/Normal/KID/normaleso49.jpg,841e57e55ad92a96,f0f0f0f8e4e2e2f0,16,6,64440803f87b4843_19135.jpg
cv2024,validation_KID,KID,validation,normaleso58.jpg,<CV2024_ROOT>/Dataset/validation/Normal/KID/normaleso58.jpg,c5c2463f1b0b1f36,e0ace9533c65c6e8,12,15,dac1e27f7e4d4ef5_4974.jpg
cv2024,validation_KID,KID,validation,normaleso59.jpg,<CV2024_ROOT>/Dataset/validation/Normal/KID/normaleso59.jpg,c03b06794e2d6f65,c88807078113c0e0,16,10,d369e4f163df4aba_9676.jpg
cv2024,validation_KID,KID,validation,normaleso63.jpg,<CV2024_ROOT>/Dataset/validation/Normal/KID/normaleso63.jpg,953d82d05ae8cfd8,d89e17073470b0e0,16,11,3ada4222967f421d_11465.jpg
cv2024,validation_KID,KID,validation,normaleso66.jpg,<CV2024_ROOT>/Dataset/validation/Normal/KID/normaleso66.jpg,c1f3168c1a527b7c,e88e07838393a2e0,16,9,8ebf0e483cac48d6_3932.jpg
cv2024,validation_KID,KID,validation,normaleso69.jpg,<CV2024_ROOT>/Dataset/validation/Normal/KID/normaleso69.jpg,c06b05b917e51e75,c08227c79839b2f0,8,12,d7a271f233ba4a40_5266.jpg
cv2024,validation_KID,KID,validation,normaleso70.jpg,<CV2024_ROOT>/Dataset/validation/Normal/KID/normaleso70.jpg,c59c02781f7a1fe8,e0e660e0d00082c8,14,7,fb86bc87d3874cd7_8707.jpg
cv2024,validation_KID,KID,validation,normaleso74.jpg,<CV2024_ROOT>/Dataset/validation/Normal/KID/normaleso74.jpg,913741e3176b4e9c,dc9e3f1e1e1792c0,10,8,fe5d372e43f94f68_2285.jpg
cv2024,validation_KID,KID,validation,normaleso78.jpg,<CV2024_ROOT>/Dataset/validation/Normal/KID/normaleso78.jpg,959555365a4a6a6e,fcfefe733f1f9edc,12,6,04a78ef00c5245e0_48830.jpg
cv2024,validation_KID,KID,validation,normaleso79.jpg,<CV2024_ROOT>/Dataset/validation/Normal/KID/normaleso79.jpg,c0c700130f0f5fff,c8860141010180c0,8,6,131368cc17e44240_1225.jpg
cv2024,validation_KID,KID,validation,normaleso87.jpg,<CV2024_ROOT>/Dataset/validation/Normal/KID/normaleso87.jpg,810f45ed47b50e6d,e0e6370f0f1392d8,12,10,b2134f4a6f864613_4165.jpg
cv2024,validation_KID,KID,validation,normaleso95.jpg,<CV2024_ROOT>/Dataset/validation/Normal/KID/normaleso95.jpg,959355575e5a4a2a,fcdefdfdffff9efc,12,4,c7084b3556e34619_69140.jpg
cv2024,validation_KID,KID,validation,normaleso96.jpg,<CV2024_ROOT>/Dataset/validation/Normal/KID/normaleso96.jpg,c19105171b5a5f5f,c88a7999c8c4c0e0,8,10,df6b47bafe5143f5_10113.jpg
cv2024,validation_KID,KID,validation,normaleso98.jpg,<CV2024_ROOT>/Dataset/validation/Normal/KID/normaleso98.jpg,c13f55294e741fe0,c8821161430386c8,14,9,d369e4f163df4aba_9709.jpg
cv2024,validation_KID,KID,validation,polypoid13.jpg,<CV2024_ROOT>/Dataset/validation/Polyp/KID/polypoid13.jpg,cc71128d4e9e6bcc,f086182473f3f0e0,16,12,df6b47bafe5143f5_9055.jpg
cv2024,validation_KID,KID,validation,polypoid14.jpg,<CV2024_ROOT>/Dataset/validation/Polyp/KID/polypoid14.jpg,981741ecde146fd8,f89e1e3c3517b6d0,16,11,8ebf0e483cac48d6_3780.jpg
cv2024,validation_KID,KID,validation,polypoid19.jpg,<CV2024_ROOT>/Dataset/validation/Polyp/KID/polypoid19.jpg,c43f01fe1bf40f60,c082060404e0e0d0,12,8,fb86bc87d3874cd7_12380.jpg
cv2024,validation_KID,KID,validation,polypoid21.jpg,<CV2024_ROOT>/Dataset/validation/Polyp/KID/polypoid21.jpg,c06985c64f9e8fa5,e09213230397b2f0,14,12,89cdd41258c542c5_13194.jpg
cv2024,validation_KID,KID,validation,polypoid33.jpg,<CV2024_ROOT>/Dataset/validation/Polyp/KID/polypoid33.jpg,d29814b74f6a1a6e,fcbc398b0f0d8ccc,14,6,4560e83f9afc4685_7185.jpg
cv2024,validation_KID,KID,validation,polypoid34.jpg,<CV2024_ROOT>/Dataset/validation/Polyp/KID/polypoid34.jpg,957e00894acf5af5,e4ae34617072f2e0,12,9,5e59c7fdb16c4228_12672.jpg
cv2024,validation_KID,KID,validation,polypoid36.jpg,<CV2024_ROOT>/Dataset/validation/Polyp/KID/polypoid36.jpg,c17e44991e9d6e45,f082e379d1d3d2c0,14,11,04a78ef00c5245e0_14162.jpg
cv2024,validation_KID,KID,validation,polypoid37.jpg,<CV2024_ROOT>/Dataset/validation/Polyp/KID/polypoid37.jpg,c9e512600f1a7b3f,e08222727291b0f0,16,11,bca26705313a4644_13873.jpg
cv2024,validation_KID,KID,validation,polypoid4.jpg,<CV2024_ROOT>/Dataset/validation/Polyp/KID/polypoid4.jpg,d56010a70b37df36,c89231316362ecf8,14,12,df6b47bafe5143f5_13274.jpg
cv2024,validation_KID,KID,validation,polypoid40.jpg,<CV2024_ROOT>/Dataset/validation/Polyp/KID/polypoid40.jpg,c51a12e51adaaf39,e0cec1e1c2c6c2e0,16,9,64440803f87b4843_21369.jpg
cv2024,validation_KID,KID,validation,polypoid41.jpg,<CV2024_ROOT>/Dataset/validation/Polyp/KID/polypoid41.jpg,9597461c4af21b3e,f0ec58d13172b0e0,12,12,bca26705313a4644_16142.jpg
cv2024,validation_KID,KID,validation,polypoid42.jpg,<CV2024_ROOT>/Dataset/validation/Polyp/KID/polypoid42.jpg,c1b116cfc3e11a1f,ccbab9cfc3e3c4e8,14,12,fb86bc87d3874cd7_8785.jpg
cv2024,validation_KID,KID,validation,polypoid43.jpg,<CV2024_ROOT>/Dataset/validation/Polyp/KID/polypoid43.jpg,d16b45a51b991f64,c886313939338ec8,10,12,7ad22d50ebaf4596_31195.jpg
cv2024,validation_KID,KID,validation,polypoid4~0.jpg,<CV2024_ROOT>/Dataset/validation/Polyp/KID/polypoid4~0.jpg,d04714993fe44b5d,f8f0c0c099f9b0fc,14,9,64440803f87b4843_18602.jpg
cv2024,validation_KID,KID,validation,polypoid6~0.jpg,<CV2024_ROOT>/Dataset/validation/Polyp/KID/polypoid6~0.jpg,973b542552f29ad2,ecee39397f7ebeec,14,11,d7a271f233ba4a40_6419.jpg
